IGDB ID,Game name,Game release date,IGDB Edition ID,Game Edition name,Platform,Type,Status,Completion,Ownership,Acquisition,State,Format,Digital service,Subscription,Playtime,Times completed,Completion date,Completion date type,Progress notes,Borrowed from,Returned to owner,Lent to,Lent out,Condition,Region,Collection notes,Amount paid,Acquisition date,Acquisition Source,Additional Cost,Game condition,Manual condition,Box condition,Manual progress,Acquisition Notes,Rating (Score),Rating (Gameplay),Rating (Sound),Rating (Story),Rating (Visual),Rating (Accessibility),Tags,Date added,Last updated
125166,"Battlefield 2042",2021-11-19,,,PlayStation 4,,Played,Continuous,Owned,,,Digital,PSN,,26,,,,,,,,,,,,,,,,,,,,,6,6,5,,9,6,,2024-08-30T01:29:16.000Z,2024-08-30T01:29:16.000Z
5503,"Batman: Arkham Knight",2015-06-23,,,PlayStation 4,,Unplayed,Not Started,Owned,,,Digital,PSN,,30,,,,,,,,No,,,,,,,,,,,,,,,,,,,,2024-08-30T01:29:16.000Z,2024-12-19T10:37:26.000Z
203433,"Batman: Return to Arkham - Arkham Asylum",2016-10-17,,,PlayStation 4,,Played,Beaten,Owned,Purchase,,Digital,PSN,,732,,2026-08-01,day,"","",,"",,,,"",650,2019-08-23,"PlayStation Store",,,,,66,"Purchased as part of Batman: Return to Arkham Bundle.",8,9,7,6,7,9,,2024-08-30T01:29:16.000Z,2026-08-19T10:24:48.000Z
203435,"Batman: Return to Arkham - Arkham City",2016-10-17,,,PlayStation 4,,Unplayed,Not Started,Owned,Purchase,,Digital,PSN,,3,,,,"","",,"",,,,"",649,2019-08-23,"PlayStation Store",,,,,,"Purchased as part of Batman: Return to Arkham Bundle.",,,,,,,,2024-08-30T01:29:16.000Z,2026-08-19T10:25:24.000Z
256092,"EA Sports FC 24",2023-09-29,,,PlayStation 5,,Played,Continuous,Owned,,,Digital,PSN,,56,,,,,,,,No,,,,,,,,,,,,,6,7,7,,8,5,,2024-08-30T01:39:19.000Z,2025-03-12T12:52:48.000Z
200165,"Call of Duty: Modern Warfare II",2022-10-28,,,PlayStation 5,,Played,Continuous,Owned,,,Digital,PSN,,345,,,,"","",,"",,,,"",,,,,,,,,"",6,7,6,6,8,6,,2024-08-30T01:39:19.000Z,2026-08-19T09:29:32.000Z
256092,"EA Sports FC 24",2023-09-29,,,PlayStation 4,,Played,Continuous,Owned,,,Digital,PSN,,0,,,,,,,,No,,,,,,,,,,,,,6,7,7,,8,5,,2024-08-30T01:39:20.000Z,2025-03-12T12:52:48.000Z
36911,"Dragon Ball FighterZ",2018-01-26,,,PlayStation 4,,Played,Continuous,Owned,Purchase,,Digital,PSN,,700,,,,"","",,"",,,,"",671,2022-08-02,"PlayStation Store",,,,,,"",8,8,6,6,9,7,,2024-08-30T01:39:20.000Z,2026-08-19T10:30:20.000Z
240456,"FIFA 23",2022-09-30,,,PlayStation 4,,Played,Continuous,Owned,,,Digital,PSN,,,,,,,,,,,,,,,,,,,,,,,7,7,7,,8,6,,2024-08-30T01:39:20.000Z,2024-08-30T01:39:20.000Z
135254,"Crash Bandicoot 4: It's About Time",2020-10-02,,,PlayStation 5,,Unplayed,Not Started,Owned,,,Digital,PSN,,,,,,,,,,No,,,,,,,,,,,,,,,,,,,,2024-08-30T01:39:20.000Z,2024-12-19T10:37:49.000Z
119313,"Fall Guys",2020-08-04,,,PlayStation 4,,Played,Continuous,Owned,Free-to-play,,Digital,PSN,,261,,,,"","",,"",,,,"",,2022-06-22,"PlayStation Store",,,,,,"",7,8,6,,7,8,,2024-08-30T01:39:20.000Z,2026-08-19T10:28:09.000Z
154986,"FIFA 22",2021-10-01,,,PlayStation 5,,Played,Continuous,Owned,,,Digital,PSN,,53,,,,,,,,,,,,,,,,,,,,,6,7,7,,8,6,,2024-08-30T01:39:20.000Z,2024-08-30T01:39:20.000Z
119313,"Fall Guys",2020-08-04,,,PlayStation 5,,Played,Continuous,Owned,Free-to-play,,Digital,PSN,,80,,,,"","",,"",,,,"",,2022-06-22,"PlayStation Store",,,,,,"",7,8,6,,7,8,,2024-08-30T01:39:20.000Z,2026-08-19T10:28:09.000Z
7334,"Bloodborne",2015-03-24,,,PlayStation 4,,Unplayed,Not Started,Owned,,,Digital,PSN,,2,,,,,,,,No,,,,,,,,,,,,,,,,,,,,2024-08-30T01:39:20.000Z,2024-12-19T10:37:38.000Z
83727,"Call of Duty: Black Ops 4",2018-10-12,,,PlayStation 4,,Played,Continuous,Owned,,,Digital,PSN,,558,,,,,,,,,,,,,,,,,,,,,7,7,6,6,8,7,,2024-08-30T01:39:20.000Z,2024-08-30T01:39:20.000Z
83728,"Battlefield V",2018-11-20,,,PlayStation 4,,Played,Continuous,Owned,,,Digital,PSN,,68,,,,,,,,,,,,,,,,,,,,,8,8,7,,10,8,,2024-08-30T01:39:20.000Z,2024-08-30T01:39:20.000Z
114287,"FIFA 20",2019-09-27,,,PlayStation 4,,Played,Continuous,Owned,Purchase,,Digital,PSN,,1349,,,,"","",,"",,,,"",419,2020-09-11,"PlayStation Store",,,,,,"",6,7,7,,7,6,,2024-08-30T01:39:20.000Z,2026-08-19T10:26:25.000Z
119177,"Call of Duty: Modern Warfare",2019-10-25,,,PlayStation 4,,Played,Continuous,Owned,,,Digital,PSN,,494,,,,,,,,,,,,,,,,,,,,,7,8,6,6,8,7,,2024-08-30T01:39:20.000Z,2024-08-30T01:39:20.000Z
24920,"Call of Duty: Modern Warfare Remastered",2016-11-04,,,PlayStation 4,,Played,Continuous,Owned,,,Digital,PSN,,227,,,,,,,,,,,,,,,,,,,,,6,7,6,7,7,6,,2024-08-30T01:39:20.000Z,2024-08-30T01:39:20.000Z
11162,"For Honor",2017-02-13,,,PlayStation 4,,Played,Continuous,Owned,,,Digital,PSN,,78,,,,,,,,No,,,,,,,,,,,,,7,9,6,,7,6,,2024-08-30T01:39:20.000Z,2024-12-19T10:53:31.000Z
4756,"Child of Light",2014-04-29,,,PlayStation 4,,Unplayed,Not Started,Owned,,,Digital,PSN,,326,,,,,,,,,,,,,,,,,,,,,,,,,,,,2024-08-30T01:39:20.000Z,2024-08-30T01:39:20.000Z
1905,"Fortnite",2020-06-29,,,PlayStation 4,,Played,Continuous,Owned,,,Digital,PSN,,1924,,,,,,,,No,,,,,,,,,,,,,7,6,5,,7,8,,2024-08-30T01:39:20.000Z,2024-12-19T10:53:21.000Z
1991,"Fez",2012-04-13,,,PlayStation 4,,Unplayed,Not Started,Owned,,,Digital,PSN,,768,,,,,,,,,,,,,,,,,,,,,,,,,,,,2024-08-30T01:39:20.000Z,2024-08-30T01:39:20.000Z
7081,"Battlefield Hardline",2015-03-17,,,PlayStation 4,,Played,Continuous,Owned,,,Digital,PSN,,449,,,,,,,,,,,,,,,,,,,,,7,6,5,6,8,8,,2024-08-30T01:39:20.000Z,2024-08-30T01:39:20.000Z
9509,"Call of Duty: Black Ops III",2015-11-06,,,PlayStation 4,,Played,Continuous,Owned,,,Digital,PSN,,2150,,,,,,,,,,,,,,,,,,,,,7,7,6,6,8,7,,2024-08-30T01:39:20.000Z,2024-08-30T01:39:20.000Z
240448,"FIFA 16",2015-09-22,,,PlayStation 3,,Played,Continuous,Owned,,,Digital,PSN,,,,,,,,,,,,,,,,,,,,,,,8,7,7,,7,9,,2024-08-30T01:39:20.000Z,2024-08-30T01:39:20.000Z
1979,"Battlefield 4",2013-10-29,,,PlayStation 4,,Played,Continuous,Owned,,,Digital,PSN,,15413,,,,"","",,"",No,,,"",,,,,,,,,"",9,9,8,6,7,7,,2024-08-30T01:39:20.000Z,2025-03-27T10:56:08.000Z
1374,"F1 2011",2011-09-20,,,PlayStation Vita,,Played,Continuous,Owned,,,Digital,PSN,,,,,,,,,,,,,,,,,,,,,,,7,7,5,,6,8,,2024-08-30T01:39:20.000Z,2024-08-30T01:39:20.000Z
6801,"Far Cry 4",2014-11-18,,,PlayStation 4,,Played,Beaten,Owned,,,Digital,PSN,,577,,,,,,,,,,,,,,,,,,,,,7,7,6,7,7,7,,2024-08-30T01:39:20.000Z,2024-08-30T01:39:20.000Z
5639,"Ether One",2014-03-25,,,PlayStation 4,,Unplayed,Not Started,Owned,,,Digital,PSN,,103,,,,,,,,,,,,,,,,,,,,,,,,,,,,2024-08-30T01:39:20.000Z,2024-08-30T01:39:20.000Z
6632,"Call of Duty: Advanced Warfare",2014-11-03,,,PlayStation 4,,Played,Continuous,Owned,,,Digital,PSN,,4024,,,,,,,,,,,,,,,,,,,,,7,7,6,5,7,6,,2024-08-30T01:39:20.000Z,2024-08-30T01:39:20.000Z
240426,"FIFA 15",2014-09-23,,,PlayStation 3,,Played,Continuous,Owned,,,Digital,PSN,,,,,,,,,,,,,,,,,,,,,,,8,8,7,,7,9,,2024-08-30T01:39:20.000Z,2024-08-30T01:39:20.000Z
2946,"FIFA Soccer 12",2011-09-27,,,PlayStation 3,,Played,Continuous,Owned,,,Physical,,,,,,,,,,,,,,,,,,,,,,,,8,8,7,,6,8,,2024-08-30T01:39:20.000Z,2024-08-30T01:39:20.000Z
503,"FIFA Soccer 11",2010-09-28,,,PlayStation 3,,Played,Continuous,Owned,,,Physical,,,,,,,,,,,,,,,,,,,,,,,,7,7,8,,6,8,,2024-08-30T01:39:20.000Z,2024-08-30T01:39:20.000Z
26196,"Crash Bandicoot N. Sane Trilogy",2017-06-30,,,PlayStation 4,,Unplayed,Not Started,Owned,,,Digital,PSN,,2175,,,,,,,,No,,,,,,,,,,,,,,,,,,,,2024-08-30T01:39:20.000Z,2024-12-19T10:38:00.000Z
135449,"Crash Bandicoot",2017-06-30,,,,Bundled Game,,Not Started,,,,,,,,,,,,,,,,,,,,,,,,,,,,,,,,,,,2024-08-30T01:39:20.000Z,2024-12-19T10:38:00.000Z
135450,"Crash Bandicoot 2: Cortex Strikes Back",2017-06-30,,,,Bundled Game,,Not Started,,,,,,,,,,,,,,,,,,,,,,,,,,,,,,,,,,,2024-08-30T01:39:20.000Z,2024-12-19T10:38:00.000Z
135451,"Crash Bandicoot: Warped",2017-06-30,,,,Bundled Game,,Not Started,,,,,,,,,,,,,,,,,,,,,,,,,,,,,,,,,,,2024-08-30T01:39:20.000Z,2024-12-19T10:38:00.000Z
3278,"Garry's Mod",2004-12-24,,,Windows PC,,Played,Continuous,Owned,Purchase,,Digital,Steam,,17097,,,,"","",,"",,,,"",149,2015-02-15,"Steam Store",,,,,,"",9,9,6,,6,9,,2024-08-30T01:39:20.000Z,2026-08-19T10:04:56.000Z
1372,"Counter-Strike: Global Offensive",2012-08-21,,,Windows PC,,Played,Continuous,Owned,,,Digital,Steam,,15115,,,,"https://tracker.gg/cs2/profile/steam/76561198176805419/overview","",,"",No,,,"",,,,,,,,,"",8,9,6,1,6,8,,2024-08-30T01:39:20.000Z,2026-09-09T01:35:24.000Z
392808,"Final Fantasy VII",2012-08-14,,,Windows PC,,Played,Beaten,Owned,Purchase,,Digital,Steam,,5557,,2025-01-19,day,"","",,"",No,,,"",461,2024-06-19,"Instant Gaming",,,,,,"",9,8,10,9,8,8,Played on Steam Deck,2024-08-30T01:39:20.000Z,2026-08-19T09:40:42.000Z
3087,"Broken Age",2014-01-28,,,Windows PC,,Unplayed,Not Started,Owned,,,Digital,Steam,,0,,,,,,,,,,,,,,,,,,,,,,,,,,,,2024-08-30T01:39:20.000Z,2024-08-30T01:39:20.000Z
30373,"Anarchy Arcade",2013-12-11,,,Windows PC,,Played,Dropped,Owned,,,Digital,Steam,,928,,,,,,,,,,,,,,,,,,,,,6,7,6,,7,8,,2024-08-30T01:39:20.000Z,2024-08-30T01:39:20.000Z
18991,"BrickForce",2012-07-12,,,Windows PC,,Played,Continuous,Owned,,,Digital,Steam,,35,,,,,,,,,,,,,,,,,,,,,6,7,6,,6,7,,2024-08-30T01:39:20.000Z,2024-08-30T01:39:20.000Z
35862,"Boring Man: Online Tactical Stickman Combat",2014-04-04,,,Windows PC,,Played,Continuous,Owned,,,Digital,Steam,,32,,,,,,,,,,,,,,,,,,,,,6,8,5,,7,6,,2024-08-30T01:39:20.000Z,2024-08-30T01:39:20.000Z
11583,"Five Nights at Freddy's 4",2015-07-23,,,Windows PC,,Played,Completed,Owned,Purchase,,Digital,Steam,,68,,,,"","",,"",,,,"",279,2015-10-31,"Steam Store",,,,,,"",8,8,8,9,8,8,,2024-08-30T01:39:20.000Z,2026-08-19T09:11:05.000Z
14206,"Blackwake",2017-02-24,,,Windows PC,,Played,Continuous,Owned,Purchase,,Digital,Steam,,153,,,,"","",,"",,,,"",71,2021-01-11,"Steam Store",,,,,,"",7,9,6,,5,6,,2024-08-30T01:39:20.000Z,2026-08-19T08:52:42.000Z
33733,"Bit Blaster XL",2016-01-22,,,Windows PC,,Played,Dropped,Owned,Purchase,,Digital,Steam,,6,,,,"","",,"",,,,"",39,2016-05-31,"Steam Store",,,,,,"",7,7,7,,7,7,,2024-08-30T01:39:20.000Z,2026-08-19T08:51:29.000Z
28751,"Black Squad",2017-07-28,,,Windows PC,,Played,Continuous,Owned,,,Digital,Steam,,22,,,,,,,,,,,,,,,,,,,,,6,6,5,,6,5,,2024-08-30T01:39:20.000Z,2024-08-30T01:39:20.000Z
67902,"Aimlabs",2023-06-16,,,Windows PC,,Played,Continuous,Owned,Free-to-play,,Digital,Steam,,936,,,,"","",,"",,,,"",,2021-02-21,"Steam Store",,,,,,"",7,9,5,,6,9,,2024-08-30T01:39:20.000Z,2026-08-19T09:24:30.000Z
111469,"Among Us",2018-06-15,,,Windows PC,,Played,Continuous,Owned,Purchase,,Digital,Steam,,952,,,,"","",,"",,,,"",399,2020-09-22,"Steam Store",,,,,,"",8,10,6,,8,7,,2024-08-30T01:39:20.000Z,2026-08-19T09:20:03.000Z
19083,"Drawful 2",2016-06-21,,,Windows PC,,Played,Continuous,Owned,,,Digital,Steam,,79,,,,,,,,,,,,,,,,,,,,,7,8,6,,7,8,,2024-08-30T01:39:20.000Z,2024-08-30T01:39:20.000Z
149353,"Deducto",2022-02-10,,,Windows PC,,Played,Continuous,Owned,Free-to-play,,Digital,Steam,,21,,,,"","",,"",,,,"",,2022-09-12,"Steam Store",,,,,,"",7,7,5,,6,7,,2024-08-30T01:39:20.000Z,2026-08-19T09:28:52.000Z
178351,"Crab Game",2021-10-29,,,Windows PC,,Played,Continuous,Owned,Free-to-play,,Digital,Steam,,13,,,,"","",,"",,,,"",,2022-09-13,"Steam Store",,,,,,"",6,7,4,,5,5,,2024-08-30T01:39:20.000Z,2026-08-19T09:28:24.000Z
200165,"Call of Duty: Modern Warfare II",2022-10-28,,,Windows PC,,Played,Continuous,Owned,Free-to-play,,Digital,Steam,,1881,,,,"","",,"",,,,"",,2022-11-16,"Steam Store",,,,,,"",6,7,6,6,8,6,,2024-08-30T01:39:20.000Z,2026-08-19T09:29:32.000Z
301298,"Deadlock",,,,Windows PC,,Played,Continuous,Owned,Free-to-play,,Digital,Steam,,413,,,,"","",,"",,,,"",,2024-08-30,"Steam Store",,,,,,"Received Closed Beta Access invite from Eelavan.",,,,,,,,2024-08-30T01:39:20.000Z,2026-09-02T15:05:03.000Z
2963,"Dota 2",2013-07-09,,,Windows PC,,Played,Continuous,Owned,,,Digital,Steam,,3563,,,,,,,,,,,,,,,,,,,,,8,9,7,,7,7,,2024-08-30T01:39:20.000Z,2024-08-30T01:39:20.000Z
134709,"Grand Theft Auto V",2022-04-12,,,PlayStation 5,,Unplayed,Not Started,Owned,,,Digital,PSN,,0,,,,,,,,No,,,,,,,,,,,,,,,,,,,,2024-08-30T02:01:28.000Z,2024-12-19T10:38:11.000Z
19565,"Marvel's Spider-Man",2018-09-07,,,PlayStation 4,,Played,Beaten,Owned,,,Physical,,,2666,,,,"","","false","Ayaan",Yes,,,"",,,,,,,,,"",8,8,7,8,8,9,,2024-08-30T02:01:28.000Z,2026-07-29T22:21:30.000Z
134588,"Kena: Bridge of Spirits",2021-09-21,,,PlayStation 5,,Played,Unfinished,Owned,,,Digital,PSN,,98,,,,,,,,,,,,,,,,,,,,,,,,,,,,2024-08-30T02:01:28.000Z,2024-08-30T02:01:28.000Z
96476,"Horizon Chase Turbo",2018-05-15,,,PlayStation 4,,Unplayed,Not Started,Owned,,,Digital,PSN,,91,,,,,,,,,,,,,,,,,,,,,,,,,,,,2024-08-30T02:01:28.000Z,2024-08-30T02:01:28.000Z
11156,"Horizon Zero Dawn",2017-02-28,72870,"Horizon Zero Dawn: Complete Edition",PlayStation 4,,Played,Unfinished,Owned,Free,,Digital,PSN,,435,,,,"","",,"",,,,"",,2021-04-24,"PlayStation Store",,,,,,"",,,,,,,,2024-08-30T02:01:28.000Z,2026-08-19T10:27:07.000Z
14363,"Gran Turismo Sport",2017-10-17,,,PlayStation 4,,Played,Continuous,Owned,,,Digital,PSN,,156,,,,,,,,No,,,,,,,,,,,,,6,8,7,,6,5,,2024-08-30T02:01:28.000Z,2026-01-11T23:32:34.000Z
11157,"Hitman",2016-03-11,,,PlayStation 4,,Played,Unfinished,Owned,Free,,Digital,PSN,,76,,,,"","",,"",No,,,"",,2017-08-03,"PlayStation Store",,,,,,"",,,,,,,,2024-08-30T02:01:28.000Z,2026-08-19T10:22:45.000Z
7599,"Life Is Strange",2015-01-29,,,PlayStation 4,,Played,Completed,Owned,,,Digital,PSN,,45,,,,,,,,,,,,,,,,,,,,,8,7,8,8,8,9,,2024-08-30T02:01:28.000Z,2024-08-30T02:01:28.000Z
17030,"LEGO Star Wars: The Force Awakens",2016-06-27,,,PlayStation 3,,Played,Completed,Owned,Purchase,,Digital,PSN,,,,,,"","",,"",,,,"",3499,2016-07-28,"PlayStation Store",,,,,,"",7,7,8,6,7,7,,2024-08-30T02:01:28.000Z,2026-08-19T10:19:48.000Z
11069,"LEGO Marvel's Avengers",2016-01-26,,,PlayStation 3,,Played,Beaten,Owned,,,Digital,PSN,,,,,,,,,,,,,,,,,,,,,,,7,7,7,8,7,7,,2024-08-30T02:01:28.000Z,2024-08-30T02:01:28.000Z
1352,"Journey",2012-03-13,,,PlayStation 4,,Played,Unfinished,Owned,,,Digital,PSN,,503,,,,,,,,,,,,,,,,,,,,,,,,,,,,2024-08-30T02:01:28.000Z,2024-08-30T02:01:28.000Z
82387,"Gone Home: Console Edition",2016-01-13,,,PlayStation 4,,Unplayed,Not Started,Owned,,,Digital,PSN,,436,,,,,,,,,,,,,,,,,,,,,,,,,,,,2024-08-30T02:01:28.000Z,2024-08-30T02:01:28.000Z
6844,"LEGO Star Wars III: The Clone Wars",2011-02-28,,,PlayStation 3,,Played,Beaten,Owned,,,Digital,PSN,,,,,,,,,,,,,,,,,,,,,,,8,9,8,8,7,8,,2024-08-30T02:01:28.000Z,2024-08-30T02:01:28.000Z
7325,"Lara Croft and the Temple of Osiris",2014-12-08,,,PlayStation 4,,Unplayed,Not Started,Owned,,,Digital,PSN,,3,,,,,,,,,,,,,,,,,,,,,,,,,,,,2024-08-30T02:01:28.000Z,2024-08-30T02:01:28.000Z
8774,"Grow Home",2015-02-04,,,PlayStation 4,,Played,Dropped,Owned,,,Digital,PSN,,528,,,,,,,,No,,,,,,,,,,,,,7,7,7,6,7,8,,2024-08-30T02:01:28.000Z,2024-12-19T10:57:21.000Z
1918,"Injustice: Gods Among Us",2013-04-16,23354,"Injustice: Gods Among Us - Ultimate Edition",PlayStation 4,,Played,Continuous,Owned,,,Digital,PSN,,684,,,day,"","",,"",No,,,"",,,,,,,,,"",8,7,7,8,6,7,,2024-08-30T02:01:28.000Z,2026-10-01T14:38:53.000Z
5328,"Metal Gear Solid V: Ground Zeroes",2014-03-18,,,PlayStation 4,,Played,Unfinished,Shared,Free,,Digital,PSN,,362,,,,"","","false","",No,,,"",,,"PlayStation Store",,,,,,"",,,,,,,,2024-08-30T02:01:28.000Z,2026-08-19T10:22:04.000Z
7685,"LEGO Batman 3: Beyond Gotham",2014-11-11,,,PlayStation 3,,Played,Beaten,Owned,,,Digital,PSN,,,,,,"","",,"",,,,"",,,,,,,,,"",7,7,6,7,7,8,,2024-08-30T02:01:28.000Z,2026-08-19T10:12:33.000Z
168790,"LEGO Batman 3: Beyond Gotham - Heroines and Villainesses Character Pack",2015-04-01,,,,DLC / Expansion,,,,,,,,,0,,,,,,,,,,,,,,,,,,,,,,,,,,,,2026-08-19T10:12:33.000Z,2026-08-19T10:12:33.000Z
254995,"Lego Batman 3: Beyond Gotham Rainbow Character Pack",2015-01-20,,,,DLC / Expansion,,,,,,,,,0,,,,,,,,,,,,,,,,,,,,,,,,,,,,2026-08-19T10:12:33.000Z,2026-08-19T10:12:33.000Z
1602,"Gran Turismo 5",2010-11-24,,,PlayStation 3,,Played,Continuous,Owned,,,Digital,PSN,,,,,,,,,,,,,,,,,,,,,,,7,7,6,,7,8,,2024-08-30T02:01:28.000Z,2024-08-30T02:01:28.000Z
232,"Half-Life: Opposing Force",1999-11-10,,,Windows PC,,Unplayed,Not Started,Owned,Purchase,,Digital,Steam,,0,,,,"","",,"",,,,"",67,2015-11-15,"Steam Store",,,,,,"Purchased as part of Half-Life: Complete bundle.",,,,,,,,2024-08-30T02:01:28.000Z,2026-08-19T09:15:21.000Z
231,"Half-Life",1998-11-19,,,Windows PC,,Unplayed,Not Started,Owned,Purchase,,Digital,Steam,,0,,,,"","",,"",,,,"",67,2015-11-15,"Steam Store",,,,,,"Purchased as part of Half-Life: Complete bundle.",,,,,,,,2024-08-30T02:01:28.000Z,2026-08-19T09:17:37.000Z
2549,"Half-Life: Blue Shift",2001-06-12,,,Windows PC,,Unplayed,Not Started,Owned,Purchase,,Digital,Steam,,0,,,,"","",,"",,,,"",67,2015-11-15,"Steam Store",,,,,,"Purchased as part of Half-Life: Complete bundle.",,,,,,,,2024-08-30T02:01:28.000Z,2026-08-19T09:15:36.000Z
233,"Half-Life 2",2004-11-16,,,Windows PC,,Played,Unfinished,Owned,Purchase,,Digital,Steam,,775,,,,"","",,"",,,,"",67,2015-11-15,"Steam Store",,,,,,"Purchased as part of Half-Life: Complete bundle.",,,,,,,,2024-08-30T02:01:28.000Z,2026-08-19T09:15:04.000Z
6744,"Half-Life: Source",2004-06-01,,,Windows PC,,Played,Completed,Owned,Purchase,,Digital,Steam,,1106,,,,"","",,"",,,,"",71,2015-11-15,"Steam Store",,,,,,"Purchased as part of Half-Life: Complete bundle.",7,7,7,7,7,6,,2024-08-30T02:01:28.000Z,2026-08-19T09:17:52.000Z
10395,"Half-Life 2: Lost Coast",2005-10-27,,,Windows PC,,Unplayed,Not Started,Owned,Purchase,,Digital,Steam,,0,,,,"","",,"",,,,"",67,2015-11-15,"Steam Store",,,,,,"Purchased as part of Half-Life: Complete bundle.",,,,,,,,2024-08-30T02:01:28.000Z,2026-08-19T09:16:29.000Z
19348,"Half-Life Deathmatch: Source",2006-05-01,,,Windows PC,,Unplayed,Not Started,Owned,Purchase,,Digital,Steam,,0,,,,"","",,"",,,,"",67,2015-11-15,"Steam Store",,,,,,"Purchased as part of Half-Life: Complete bundle.",,,,,,,,2024-08-30T02:01:28.000Z,2026-08-19T09:16:14.000Z
338,"Half-Life 2: Episode One",2006-06-01,,,Windows PC,,Unplayed,Not Started,Owned,Purchase,,Digital,Steam,,0,,,,"","",,"",,,,"",67,2015-11-15,"Steam Store",,,,,,"Purchased as part of Half-Life: Complete bundle.",,,,,,,,2024-08-30T02:01:28.000Z,2026-08-19T09:17:08.000Z
247,"Half-Life 2: Episode Two",2007-10-09,,,Windows PC,,Unplayed,Not Started,Owned,Purchase,,Digital,Steam,,1,,,,"","",,"",,,,"",67,2015-11-15,"Steam Store",,,,,,"Purchased as part of Half-Life: Complete bundle.",,,,,,,,2024-08-30T02:01:28.000Z,2026-08-19T09:16:51.000Z
124,"Left 4 Dead 2",2009-11-17,,,Windows PC,,Unplayed,Not Started,Owned,,,Digital,Steam,,3,,,,,,,,,,,,,,,,,,,,,,,,,,,,2024-08-30T02:01:28.000Z,2024-08-30T02:01:28.000Z
9471,"Half-Life 2: Deathmatch",2004-11-30,,,Windows PC,,Unplayed,Not Started,Owned,Purchase,,Digital,Steam,,0,,,,"","",,"",,,,"",67,2015-11-15,"Steam Store",,,,,,"Purchased as part of Half-Life: Complete bundle.",,,,,,,,2024-08-30T02:01:28.000Z,2026-08-19T09:17:23.000Z
50867,"Marvel Heroes",2013-06-04,,,Windows PC,,Played,Dropped,Owned,,,Digital,Steam,,367,,,,,,,,,,,,,,,,,,,,,6,6,7,6,6,6,,2024-08-30T02:01:28.000Z,2024-08-30T02:01:28.000Z
5572,"Men of War: Assault Squad 2",2014-03-20,,,Windows PC,,Played,Continuous,Owned,,,Digital,Steam,,3847,,,,,,,,,,,,,,,,,,,,,8,9,6,,6,6,,2024-08-30T02:01:28.000Z,2024-08-30T02:01:28.000Z
7599,"Life Is Strange",2015-01-29,,,Windows PC,,Played,Completed,Owned,,,Digital,Steam,,260,,,,,,,,,,,,,,,,,,,,,8,7,8,8,8,9,,2024-08-30T02:01:28.000Z,2024-08-30T02:01:28.000Z
11157,"Hitman",2016-03-11,,,Windows PC,,Unplayed,Not Started,Owned,,,Digital,Steam,,0,,,,"","",,"",No,,,"",,,,,,,,,"",,,,,,,,2024-08-30T02:01:28.000Z,2026-08-19T10:22:45.000Z
7579,"Insurgency",2014-01-22,,,Windows PC,,Played,Continuous,Owned,,,Digital,Steam,,873,,,,,,,,,,,,,,,,,,,,,8,9,6,,7,7,,2024-08-30T02:01:28.000Z,2024-08-30T02:01:28.000Z
113112,"Hades",2020-09-17,,,Windows PC,,Played,Beaten,Owned,Purchase,,Digital,Steam,,1842,,2026-02-01,day,"","",,"",,,,"",839,2024-06-28,"Steam Store",,,,,,"",8,8,8,7,7,10,,2024-08-30T02:01:28.000Z,2026-08-19T09:00:15.000Z
118115,"Goat of Duty",2019-07-10,,,Windows PC,,Unplayed,Not Started,Owned,,,Digital,Steam,,0,,,,,,,,,,,,,,,,,,,,,,,,,,,,2024-08-30T02:01:28.000Z,2024-08-30T02:01:28.000Z
24985,"Golf With Your Friends",2020-05-19,,,Windows PC,,Played,Continuous,Owned,Purchase,,Digital,Steam,,285,,,,"","",,"",,,,"",362,2024-06-28,"Steam Store",,,,,,"",7,8,5,,6,7,,2024-08-30T02:01:28.000Z,2026-08-19T09:00:53.000Z
103281,"Halo Infinite",2021-12-08,,,Windows PC,,Played,Dropped,Owned,Free-to-play,,Digital,Steam,,45,,,,"","",,"",,,,"",,2022-01-11,"Steam Store",,,,,,"",,,,,,,,2024-08-30T02:01:28.000Z,2026-08-19T09:27:08.000Z
282456,"KinitoPet",2024-01-09,,,Windows PC,,Played,Completed,Owned,Purchase,,Digital,Steam,,64,,,,"","",,"",,,,"",499,2024-04-04,"Steam Store",,,,,,"",7,8,8,7,6,8,,2024-08-30T02:01:28.000Z,2026-08-19T09:01:36.000Z
39188,"Despicable Me: Minion Rush",2013-06-13,,,Windows PC,,Played,Dropped,Owned,,,Digital,Xbox,,0,,,,,,,,,,,,,,,,,,,,,6,5,6,,5,7,,2024-08-30T02:01:28.000Z,2024-08-30T02:01:28.000Z
7574,"FIFA 15",2014-09-23,42898,"FIFA 15: Ultimate Team Edition",Windows PC,,Played,Continuous,Owned,,,Digital,Xbox,,0,,,,,,,,,,,,,,,,,,,,,5,5,7,,7,7,,2024-08-30T02:01:28.000Z,2025-01-18T10:03:57.000Z
2732,"Hexic HD",2005-11-16,,,Xbox 360,,Played,Continuous,Owned,,,Digital,Xbox,,0,,,,,,,,,,,,,,,,,,,,,5,6,6,,5,6,,2024-08-30T02:01:28.000Z,2024-08-30T02:01:28.000Z
4680,"Ashes Cricket 2009",2009-08-06,,,Xbox 360,,Played,Continuous,Owned,,,Digital,Xbox,,0,,,,,,,,,,,,,,,,,,,,,6,6,5,,5,6,,2024-08-30T02:01:28.000Z,2024-08-30T02:01:28.000Z
3134,"FIFA Soccer 09",2008-10-02,,,Xbox 360,,Played,Continuous,Owned,,,Physical,,,0,,,,,,,,,,,,,,,,,,,,,7,7,8,,6,7,,2024-08-30T02:01:28.000Z,2024-08-30T02:01:28.000Z
8560,"Kinect Star Wars",2012-04-03,,,Xbox 360,,Played,Completed,Owned,,,Digital,Xbox,,0,,,,,,,,,,,,,,,,,,,,,6,6,8,5,6,5,,2024-08-30T02:01:28.000Z,2024-08-30T02:01:28.000Z
2738,"LEGO Batman: The Videogame",2008-09-23,,,Xbox 360,,Played,Beaten,Owned,,,Digital,Xbox,,0,,,,,,,,,,,,,,,,,,,,,7,7,7,6,6,7,,2024-08-30T02:01:28.000Z,2024-08-30T02:01:28.000Z
17478,"Kinect Sports",2010-11-04,,,Xbox 360,,Played,Continuous,Owned,,,Digital,Xbox,,0,,,,,,,,,,,,,,,,,,,,,7,7,6,,6,6,,2024-08-30T02:01:28.000Z,2024-08-30T02:01:28.000Z
2657,"Kinect Adventures",2010-11-04,,,Xbox 360,,Played,Continuous,Owned,,,Digital,Xbox,,0,,,,,,,,,,,,,,,,,,,,,6,6,6,,6,5,,2024-08-30T02:01:28.000Z,2024-08-30T02:01:28.000Z
8248,"Marvel vs. Capcom 3: Fate of Two Worlds",2011-02-15,,,Xbox 360,,Played,Continuous,Owned,,,Physical,,,0,,,,,,,,,,,,,,,,,,,,,7,8,6,,6,7,,2024-08-30T02:01:28.000Z,2024-08-30T02:01:28.000Z
144022,"Sifu",2022-02-08,,,PlayStation 5,,Played,Unfinished,Owned,,,Digital,PSN,,36,,,,"","",,"",No,,,"",,,,,,,,,"",,,,,,,,2024-08-30T02:07:28.000Z,2025-09-19T02:07:36.000Z
125174,"Overwatch",2023-08-10,,,PlayStation 5,,Played,Continuous,Owned,Free-to-play,,Digital,PSN,,33,,,,"","",,"",No,,,"",,2023-02-05,"PlayStation Store",,,,,,"",7,8,5,4,7,6,,2024-08-30T02:07:28.000Z,2026-08-19T09:36:39.000Z
55163,"Resident Evil Village",2021-05-06,,,PlayStation 5,,Played,Beaten,Owned,,,Digital,PSN,,60,,,,,,,,,,,,,,,,,,,,,8,8,8,7,9,9,,2024-08-30T02:07:28.000Z,2024-08-30T02:07:28.000Z
11198,"Rocket League",2015-07-06,,,PlayStation 4,,Played,Continuous,Owned,,,Digital,PSN,,9886,,,,"","",,"",No,,,"",,,,,,,,,"",8,9,7,,7,7,,2024-08-30T02:07:28.000Z,2026-04-18T19:54:29.000Z
8173,"Overwatch",2016-05-24,,,PlayStation 4,,Played,Continuous,Shared,Free,,Digital,PSN,,1063,,,,"","","false","",No,,,"",,2016-11-19,"PlayStation Store",,,,,,"",8,9,7,6,8,8,,2024-08-30T02:07:28.000Z,2026-08-19T10:31:42.000Z
182278,"MultiVersus",2024-05-28,,,PlayStation 5,,Played,Continuous,Owned,Free-to-play,,Digital,PSN,,27,,,,"","",,"",,,,"",,2022-08-02,"PlayStation Store",,,,,,"",6,7,6,,7,6,,2024-08-30T02:07:28.000Z,2026-08-19T10:29:32.000Z
182278,"MultiVersus",2024-05-28,,,PlayStation 4,,Played,Continuous,Owned,Free-to-play,,Digital,PSN,,215,,,,"","",,"",,,,"",,2022-08-02,"PlayStation Store",,,,,,"",6,7,6,,7,6,,2024-08-30T02:07:28.000Z,2026-08-19T10:29:32.000Z
26401,"Star Wars Battlefront II",2017-11-17,,,PlayStation 4,,Played,Continuous,Owned,,,Digital,PSN,,117,,,,"","",,"",No,,,"",,,,,,,,,"",9,8,9,7,9,9,,2024-08-30T02:07:28.000Z,2026-02-07T02:22:26.000Z
134706,"Star Wars: Squadrons",2020-10-01,,,PlayStation 4,,Played,Unfinished,Owned,,,Digital,PSN,,20,,,,"","",,"",No,,,"",,,,,,,,,"",,,,,,,,2024-08-30T02:07:28.000Z,2025-06-09T16:41:36.000Z
42696,"Minecraft: Playstation Vita Edition",2015-01-31,,,PlayStation Vita,,Played,Continuous,Owned,Purchase,,Digital,PSN,,,,,,"","",,"",,,,"",1299,2015-11-15,"PlayStation Store",169,,,,,"",7,8,9,,5,7,,2024-08-30T02:07:28.000Z,2026-08-19T10:15:59.000Z
74701,"Star Wars Jedi: Fallen Order",2019-11-15,,,PlayStation 4,,Played,Unfinished,Owned,,,Digital,PSN,,0,,,,,,,,No,,,,,,,,,,,,,8,8,8,8,8,8,,2024-08-30T02:07:28.000Z,2024-09-06T11:23:26.000Z
2074,"Need for Speed: Rivals",2013-11-15,,,PlayStation 4,,Played,Dropped,Owned,,,Digital,PSN,,212,,,,,,,,,,,,,,,,,,,,,6,7,5,6,8,6,,2024-08-30T02:07:28.000Z,2024-08-30T02:07:28.000Z
7323,"Rise of the Tomb Raider",2015-11-10,,,PlayStation 4,,Played,Unfinished,Owned,,,Digital,PSN,,103,,,,,,,,,,,,,,,,,,,,,,,,,,,,2024-08-30T02:07:28.000Z,2024-08-30T02:07:28.000Z
11180,"Robinson: The Journey",2016-11-08,,,PlayStation VR,,Unplayed,Not Started,Owned,,,Digital,PSN,,110,,,,,,,,No,,,,,,,,,,,,,,,,,,,,2024-08-30T02:07:28.000Z,2024-12-19T10:52:50.000Z
9727,"Soma",2015-09-21,,,PlayStation 4,,Played,Unfinished,Owned,,,Digital,PSN,,36,,,,,,,,,,,,,,,,,,,,,,,,,,,,2024-08-30T02:07:28.000Z,2024-08-30T02:07:28.000Z
19562,"Resident Evil 7: Biohazard",2017-01-24,,,PlayStation 4,,Played,Beaten,Owned,,,Digital,PSN,,511,,,,,,,,,,,,,,,,,,,,,8,8,7,7,8,8,,2024-08-30T02:07:28.000Z,2024-08-30T02:07:28.000Z
2113,"Star Wars Battlefront",2015-11-17,,,PlayStation 4,,Played,Continuous,Shared,Free,,Digital,PSN,,45228,,,,"","","false","",No,,,"",,,,,,,,,"",7,6,10,,10,6,,2024-08-30T02:07:28.000Z,2026-08-19T10:19:01.000Z
23293,"Star Wars Battlefront: Battle of Jakku",2015-12-08,,,,DLC / Expansion,,Continuous,,Free,,,,,0,,,,,,,,,,,,,2015-12-12,"PlayStation Store",,,,,,,,,,,,,,2026-08-19T10:19:01.000Z,2026-08-19T10:19:01.000Z
52879,"Star Wars Battlefront: Rogue One - X-Wing VR Mission",2016-12-06,,,,DLC / Expansion,,Beaten,,Free,,,,,0,,2016-12-17,day,,,,,,,,,,2016-12-17,"PlayStation Store",,,,,,,,,,,,,,2026-08-19T10:19:01.000Z,2026-08-19T10:19:01.000Z
1864,"Ni no Kuni: Wrath of the White Witch",2011-11-17,,,PlayStation 3,,Played,Beaten,Owned,,,Physical,,,,,,,,,,,,,,,,,,,,,,,,9,8,10,10,10,10,,2024-08-30T02:07:28.000Z,2024-08-30T02:07:28.000Z
1985,"Metal Gear Solid V: The Phantom Pain",2015-09-01,,,PlayStation 4,,Played,Unfinished,Shared,Free,,Digital,PSN,,996,,,,"","","false","",No,,,"",,,"PlayStation Store",,,,,,"",,,,,,,,2024-08-30T02:07:28.000Z,2026-08-19T10:22:13.000Z
7618,"Never Alone: Kisima Ingitchuna",2014-11-18,,,PlayStation 4,,Played,Unfinished,Owned,,,Digital,PSN,,314,,,,,,,,No,,,,,,,,,,,,,,,,,,,,2024-08-30T02:07:28.000Z,2024-12-19T10:55:51.000Z
6007,"Resogun",2013-11-15,,,PlayStation 4,,Played,Continuous,Owned,,,Digital,PSN,,196,,,,,,,,,,,,,,,,,,,,,7,7,7,6,7,7,,2024-08-30T02:07:28.000Z,2024-08-30T02:07:28.000Z
210,"Star Wars: The Clone Wars - Republic Heroes",2009-10-06,,,PlayStation 3,,Played,Beaten,Owned,,,Physical,,,,,,,,,,,,,,,,,,,,,,,,6,5,8,7,6,6,,2024-08-30T02:07:28.000Z,2024-08-30T02:07:28.000Z
5165,"Sonic & Sega All-Stars Racing",2010-02-23,,,PlayStation 3,,Played,Continuous,Owned,,,Physical,,,,,,,,,,,,,,,,,,,,,,,,7,8,7,,7,7,,2024-08-30T02:07:28.000Z,2024-08-30T02:07:28.000Z
93832,"Star Wars: Empire at War - Gold Pack",2007-08-15,,,Windows PC,,Played,Continuous,Owned,,,Digital,Steam,,10916,,,,"","",,"",,,,"",,,,,,,,,"",9,9,10,6,6,9,,2024-08-30T02:07:28.000Z,2025-10-27T00:23:22.000Z
72,"Portal 2",2011-04-18,,,Windows PC,,Unplayed,Not Started,Owned,Purchase,,Digital,Steam,,0,,,,"","",,"",,,,"",85,2022-11-23,"Steam Store",,,,,,"",,,,,,,,2024-08-30T02:07:28.000Z,2026-08-19T08:55:54.000Z
25647,"Orion: Prelude",2013-04-16,,,Windows PC,,Unplayed,Not Started,Owned,,,Digital,Steam,,0,,,,,,,,,,,,,,,,,,,,,,,,,,,,2024-08-30T02:07:28.000Z,2024-08-30T02:07:28.000Z
1265,"PlanetSide 2",2012-11-20,,,Windows PC,,Played,Continuous,Owned,Free-to-play,,Digital,Steam,,79,,,,"","",,"",,,,"",,2020-12-12,"Steam Store",,,,,,"",8,8,6,,6,6,,2024-08-30T02:07:28.000Z,2026-08-19T09:23:43.000Z
6578,"Quake Live",2010-08-06,,,Windows PC,,Played,Continuous,Owned,,,Digital,Steam,,8,,,,,,,,,,,,,,,,,,,,,6,7,6,,6,7,,2024-08-30T02:07:28.000Z,2024-08-30T02:07:28.000Z
7871,"Robocraft",2017-08-24,,,Windows PC,,Played,Unfinished,Owned,,,Digital,Steam,,67,,,,,,,,,,,,,,,,,,,,,,,,,,,,2024-08-30T02:07:28.000Z,2024-08-30T02:07:28.000Z
1910,"Outlast",2013-09-04,,,Windows PC,,Played,Beaten,Owned,,,Digital,Steam,,448,,,,"","",,"",,,,"",,,,,,,,,"",8,7,8,7,8,8,,2024-08-30T02:07:28.000Z,2026-03-03T09:24:14.000Z
8339,"Minecraft: Story Mode",2015-10-13,,,Windows PC,,Played,Completed,Owned,,,Digital,Steam,,504,,,,"","",,"",,,,"",1424,2015-12-26,"Steam Store",,,,,,"",7,6,5,7,6,8,,2024-08-30T02:07:28.000Z,2026-08-19T08:48:54.000Z
11059,"Naruto Shippuden: Ultimate Ninja Storm 4",2016-02-04,,,Windows PC,,Played,Completed,Owned,,,Digital,Steam,,2520,,,,,,,,,,,,,,,,,,,,,8,6,9,9,8,9,,2024-08-30T02:07:28.000Z,2024-08-30T02:07:28.000Z
11544,"Paladins",2017-05-02,,,Windows PC,,Played,Continuous,Owned,,,Digital,Steam,,44,,,,,,,,,,,,,,,,,,,,,6,7,5,,6,7,,2024-08-30T02:07:28.000Z,2024-08-30T02:07:28.000Z
28175,"Naruto to Boruto: Shinobi Striker",2018-08-30,,,Windows PC,,Played,Continuous,Owned,Purchase,,Digital,Steam,,504,,,,"","",,"",,,,"",399,2021-07-09,"Steam Store",,,,,,"",6,6,5,5,6,6,,2024-08-30T02:07:28.000Z,2026-08-19T08:53:23.000Z
58407,"Regular Human Basketball",2018-08-01,,,Windows PC,,Unplayed,Not Started,Owned,,,Digital,Steam,,0,,,,,,,,,,,,,,,,,,,,,,,,,,,,2024-08-30T02:07:28.000Z,2024-08-30T02:07:28.000Z
114684,"Splitgate",2019-05-22,,,Windows PC,,Played,Continuous,Owned,Free-to-play,,Digital,Steam,,454,,,,"","",,"",,,,"",,2021-08-05,"Steam Store",,,,,,"",7,8,6,,7,7,,2024-08-30T02:07:28.000Z,2026-08-19T09:26:36.000Z
14748,"Ni no Kuni II: Revenant Kingdom",2018-03-23,,,Windows PC,,Played,Beaten,Owned,,,Digital,Steam,,3890,,,,"","",,"",No,,,"",,,,,,,,,"",8,9,10,7,9,8,Played on Steam Deck,2024-08-30T02:07:28.000Z,2026-03-01T00:47:46.000Z
3277,"Rust",2018-02-08,,,Windows PC,,Played,Continuous,Owned,Gift,,Digital,Steam,,975,,,,"","",,"",,,,"",,2023-01-05,"Steam Store",,,,,,"",7,8,6,,6,5,,2024-08-30T02:07:28.000Z,2026-08-19T09:30:18.000Z
11208,"NieR: Automata",2017-02-23,,,Windows PC,,Unplayed,Not Started,Owned,Purchase,,Digital,Steam,,0,,,,"","",,"",,,,"",1199,2024-03-21,"Steam Store",,,,,,"",,,,,,,,2024-08-30T02:07:28.000Z,2026-08-19T08:59:06.000Z
213639,"My Hero Ultra Rumble",2023-09-28,,,Windows PC,,Played,Continuous,Owned,Free-to-play,,Digital,Steam,,35,,,,"","",,"",,,,"",,2023-10-06,"Steam Store",,,,,,"",7,6,6,,7,7,,2024-08-30T02:07:28.000Z,2026-08-19T09:31:00.000Z
148397,"Muck",2021-06-05,,,Windows PC,,Played,Continuous,Owned,Free-to-play,,Digital,Steam,,182,,,,"","",,"",,,,"",,2021-07-08,"Steam Store",,,,,,"",7,7,5,,5,7,,2024-08-30T02:07:28.000Z,2026-08-19T09:25:45.000Z
114283,"Persona 5 Royal",2019-10-31,,,Windows PC,,Played,Beaten,Owned,Purchase,,Digital,Steam,,9364,,2025-07-06,day,"","",,"",No,,,"",2499,2023-12-21,"Steam Store",,,,,,"Was bought using sold Counter Strike skins and crates. Only actually spent £5.",10,10,10,9,9,10,Played on Steam Deck,2024-08-30T02:07:28.000Z,2026-08-19T08:58:17.000Z
27789,"PUBG: Battlegrounds",2017-12-20,,,Windows PC,,Played,Continuous,Owned,Free-to-play,,Digital,Steam,,44,,,,"","",,"",,,,"",,2022-01-13,,,,,,,"",7,7,6,,6,5,,2024-08-30T02:07:28.000Z,2026-08-19T09:27:43.000Z
125174,"Overwatch",2023-08-10,,,Windows PC,,Played,Continuous,Owned,Free-to-play,,Digital,Steam,,1174,,,,"https://tracker.gg/overwatch/profile/battlenet/Gr8ness%232418/overview?mode=quickPlay&platform=mouseKeyboard","",,"",No,,,"",,2023-12-01,"Steam Store",,,,,,"",7,8,5,4,7,6,,2024-08-30T02:07:28.000Z,2026-08-19T09:36:39.000Z
252647,"Persona 3 Reload",2024-02-02,,,Windows PC,,Unplayed,Not Started,Owned,Purchase,,Digital,Steam,,0,,,,"","",,"",,,,"",3499,2025-06-25,"CDKeys",,,,,,"",,,,,,,,2024-08-30T02:07:28.000Z,2026-08-19T09:43:09.000Z
94029,"Minecraft: Xbox 360 Edition",2012-05-09,,,Xbox 360,,Played,Continuous,Owned,,,Physical,,,0,,,,,,,,,,,,,,,,,,,,,8,8,9,,6,7,,2024-08-30T02:07:28.000Z,2024-08-30T02:07:28.000Z
47367,"Sega Superstars Tennis",2008-03-17,,,Xbox 360,,Played,Continuous,Owned,,,Digital,Xbox,,0,,,,,,,,,,,,,,,,,,,,,7,8,7,,7,7,,2024-08-30T02:07:28.000Z,2024-08-30T02:07:28.000Z
1567,"SoulCalibur IV",2008-07-29,,,Xbox 360,,Played,Continuous,Owned,,,Physical,,,0,,,,,,,,,,,,,,,,,,,,,8,8,8,,7,7,,2024-08-30T02:07:28.000Z,2024-08-30T02:07:28.000Z
135400,"Minecraft",2016-12-19,,,Windows PC,,Played,Continuous,Owned,,,Digital,Xbox,,40,,,,"","",,"",,,,"",,,,,,,,,"",8,9,8,,3,10,,2024-08-30T02:07:28.000Z,2025-10-06T02:02:08.000Z
135400,"Minecraft",2016-12-19,,,iOS,,Played,Continuous,Owned,,,Digital,Xbox,,0,,,,"","",,"",,,,"",,,,,,,,,"",8,9,8,,3,10,,2024-08-30T02:07:28.000Z,2025-10-06T02:02:08.000Z
1065,"Street Fighter X Tekken",2012-03-06,,,PlayStation Vita,,Played,Continuous,Owned,,,Digital,PSN,,,,,,"","",,"",No,,,"",,,,,,,,,"",6,9,6,4,4,8,,2024-08-30T02:11:57.000Z,2026-02-07T02:42:48.000Z
26192,"The Last of Us Part II",2020-06-19,,,PlayStation 4,,Unplayed,Not Started,Owned,,,Digital,PSN,,20,,,,,,,,No,,,,,,,,,,,,,,,,,,,,2024-08-30T02:11:57.000Z,2024-12-19T10:53:09.000Z
25263,"The Playroom VR",2016-10-13,,,PlayStation VR,,Played,Continuous,Owned,,,Digital,PSN,,577,,,,,,,,,,,,,,,,,,,,,7,7,7,,6,7,,2024-08-30T02:11:57.000Z,2024-08-30T02:11:57.000Z
6656,"Ultra Street Fighter IV",2014-04-18,,,PlayStation 4,,Played,Continuous,Owned,,,Digital,PSN,,1434,,,,"","",,"",No,,,"",,,,,,,,,"",9,10,9,6,9,9,,2024-08-30T02:11:57.000Z,2026-01-03T01:15:16.000Z
11175,"Transformers: Devastation",2015-10-06,,,PlayStation 4,,Played,Unfinished,Owned,,,Digital,PSN,,,,,,,,,,No,,,,,,,,,,,,,,,,,,,,2024-08-30T02:11:57.000Z,2024-12-19T10:56:22.000Z
26231,"Starblood Arena",2017-04-11,,,PlayStation VR,,Unplayed,Not Started,Owned,,,Digital,PSN,,,,,,,,,,No,,,,,,,,,,,,,,,,,,,,2024-08-30T02:11:57.000Z,2024-12-19T10:53:01.000Z
8258,"Street Fighter V",2016-02-15,,,PlayStation 4,,Played,Continuous,Owned,,,Digital,PSN,,1845,,,,,,,,,,,,,,,,,,,,,6,9,7,,5,4,,2024-08-30T02:11:57.000Z,2024-08-30T02:11:57.000Z
17447,"Titanfall 2",2016-10-28,,,PlayStation 4,,Played,Continuous,Owned,,,Digital,PSN,,754,,,,,,,,,,,,,,,,,,,,,8,8,8,8,7,8,,2024-08-30T02:11:57.000Z,2024-08-30T02:11:57.000Z
7609,"Until Dawn",2015-08-25,,,PlayStation 4,,Played,Beaten,Owned,,,Digital,PSN,,15,,,,,,,,No,,,,,,,,,,,,,7,6,6,8,8,7,,2024-08-30T02:11:57.000Z,2024-12-19T10:57:14.000Z
7706,"This War of Mine",2014-11-14,,,PlayStation 4,,Played,Unfinished,Owned,,,Digital,PSN,,3,,,,,,,,No,,,,,,,,,,,,,,,,,,,,2024-08-30T02:11:57.000Z,2024-12-19T10:56:13.000Z
7331,"Uncharted 4: A Thief's End",2016-05-10,,,PlayStation 4,,Played,Unfinished,Owned,,,Digital,PSN,,1367,,,,,,,,No,,,,,,,,,,,,,,,,,,,,2024-08-30T02:11:57.000Z,2024-12-19T10:56:34.000Z
7789,"The Binding of Isaac: Rebirth",2014-11-04,,,PlayStation 4,,Played,Unfinished,Owned,,,Digital,PSN,,1773,,,,,,,,,,,,,,,,,,,,,,,,,,,,2024-08-30T02:11:57.000Z,2024-08-30T02:11:57.000Z
93498,"Welcome Park",2011-12-17,,,PlayStation Vita,,Played,Continuous,Owned,,,Digital,PSN,,,,,,,,,,No,,,,,,,,,,,,,7,8,7,,7,8,,2024-08-30T02:11:57.000Z,2024-12-19T10:55:04.000Z
3022,"Transistor",2014-05-20,,,PlayStation 4,,Played,Unfinished,Owned,,,Digital,PSN,,14,,,,,,,,No,,,,,,,,,,,,,,,,,,,,2024-08-30T02:11:57.000Z,2024-12-19T10:56:28.000Z
58783,"The Playroom",2013-11-15,,,PlayStation 4,,Played,Continuous,Owned,,,Digital,PSN,,,,,,"","",,"",,,,"",,,,,,,,,"",6,6,6,,6,8,,2024-08-30T02:11:57.000Z,2026-08-19T10:14:42.000Z
296039,"The Playroom: AR Studio",2014-08-19,,,,DLC / Expansion,,Continuous,,Free,,,,,0,,,,,,,,,,,,,2015-10-30,"PlayStation Store",,,,,,,,,,,,,,2026-08-19T10:14:42.000Z,2026-08-19T10:14:42.000Z
306832,"The Playroom: Ninja Bots",2014-03-12,,,,DLC / Expansion,,Continuous,,Free,,,,,0,,,,,,,,,,,,,2015-10-30,"PlayStation Store",,,,,,,,,,,,,,2026-08-19T10:14:42.000Z,2026-08-19T10:14:42.000Z
6036,"The Last of Us Remastered",2014-07-26,,,PlayStation 4,,Played,Unfinished,Owned,,,Digital,PSN,,922,,,,,,,,No,,,,,,,,,,,,,,,,,,,,2024-08-30T02:11:57.000Z,2024-12-19T10:56:03.000Z
8361,"Transformers: Fall of Cybertron",2012-08-21,,,PlayStation 3,,Played,Beaten,Owned,,,Physical,,,,,,,,,,,,,,,,,,,,,,,,8,8,6,8,7,8,,2024-08-30T02:11:57.000Z,2024-08-30T02:11:57.000Z
4845,"The LEGO Movie Videogame",2014-02-07,,,PlayStation 3,,Played,Beaten,Owned,,,Physical,,,,,,,,,,,,,,,,,,,,,,,,7,7,6,8,8,7,,2024-08-30T02:11:57.000Z,2024-08-30T02:11:57.000Z
5243,"Transformers: Dark of the Moon",2011-06-14,,,PlayStation 3,,Played,Beaten,Owned,,,Physical,,,,,,,,,,,,,,,,,,,,,,,,7,6,6,7,7,7,,2024-08-30T02:11:57.000Z,2024-08-30T02:11:57.000Z
83855,"uDraw Studio: Instant Artist",2011-11-15,,,PlayStation 3,,Played,Continuous,Owned,,,Physical,,,,,,,,,,,,,,,,,,,,,,,,6,6,6,,6,6,,2024-08-30T02:11:57.000Z,2024-08-30T02:11:57.000Z
77175,"Street Fighter 30th Anniversary Collection",2018-05-29,,,PlayStation 4,,Played,Unfinished,Owned,,,Digital,PSN,,119,,,,"","",,"",No,,,"",,,,,,,,,"",,,,,,,,2024-08-30T02:11:57.000Z,2025-10-06T02:06:25.000Z
3186,"Street Fighter II",1991-02-01,,,,Bundled Game,,Continuous,,,,,,,,,,,,,,,,,,,,,,,,,,,,,,,,,,,2024-08-30T02:11:57.000Z,2025-10-06T02:06:25.000Z
4238,"Super Street Fighter II Turbo",1994-03-23,,,,Bundled Game,,Continuous,,,,,,,,,,,,,,,,,,,,,,,,,,,,,,,,,,,2024-08-30T02:11:57.000Z,2025-10-06T02:06:25.000Z
6702,"Street Fighter Alpha: Warriors' Dreams",1995-06-05,,,,Bundled Game,,Not Started,,,,,,,,,,,,,,,,,,,,,,,,,,,,,,,,,,,2024-08-30T02:11:57.000Z,2025-10-06T02:06:25.000Z
6703,"Street Fighter Alpha 2",1996-02-27,,,,Bundled Game,,Not Started,,,,,,,,,,,,,,,,,,,,,,,,,,,,,,,,,,,2024-08-30T02:11:57.000Z,2025-10-06T02:06:25.000Z
6704,"Street Fighter Alpha 3",1998-06-29,,,,Bundled Game,,Continuous,,,,,,,,,,,,,,,,,,,,,,,,,,,,,,,,,,,2024-08-30T02:11:57.000Z,2025-10-06T02:06:25.000Z
6708,"Street Fighter III: New Generation",1997-02-28,,,,Bundled Game,,Not Started,,,,,,,,,,,,,,,,,,,,,,,,,,,,,,,,,,,2024-08-30T02:11:57.000Z,2025-10-06T02:06:25.000Z
6709,"Street Fighter III 2nd Impact: Giant Attack",1997-10-18,,,,Bundled Game,,Not Started,,,,,,,,,,,,,,,,,,,,,,,,,,,,,,,,,,,2024-08-30T02:11:57.000Z,2025-10-06T02:06:25.000Z
6710,"Street Fighter III: 3rd Strike",1999-05-12,,,,Bundled Game,,Continuous,,,,,,,,,,,,,,,,,,,,,,,,,,,,9,9,10,6,9,9,,2024-08-30T02:11:57.000Z,2025-10-06T02:06:25.000Z
6930,"Street Fighter",1987-08-30,,,,Bundled Game,,Not Started,,,,,,,,,,,,,,,,,,,,,,,,,,,,,,,,,,,2024-08-30T02:11:57.000Z,2025-10-06T02:06:25.000Z
12860,"Super Street Fighter II: The New Challengers",1993-09-10,,,,Bundled Game,,Continuous,,,,,,,,,,,,,,,,,,,,,,,,,,,,,,,,,,,2024-08-30T02:11:57.000Z,2025-10-06T02:06:25.000Z
20878,"Street Fighter II' Turbo: Hyper Fighting",1992-12-10,,,,Bundled Game,,Continuous,,,,,,,,,,,,,,,,,,,,,,,,,,,,,,,,,,,2024-08-30T02:11:57.000Z,2025-10-06T02:06:25.000Z
39496,"Street Fighter II: Champion Edition",1992-03-18,,,,Bundled Game,,Continuous,,,,,,,,,,,,,,,,,,,,,,,,,,,,,,,,,,,2024-08-30T02:11:57.000Z,2025-10-06T02:06:25.000Z
6359,"Team Fortress Classic",1999-04-07,,,Windows PC,,Unplayed,Not Started,Owned,,,Digital,Steam,,0,,,,,,,,,,,,,,,,,,,,,,,,,,,,2024-08-30T02:11:57.000Z,2024-08-30T02:11:57.000Z
244,"The Bureau: XCOM Declassified",2013-08-06,,,Windows PC,,Unplayed,Not Started,Owned,,,Digital,Steam,,0,,,,,,,,,,,,,,,,,,,,,,,,,,,,2024-08-30T02:11:57.000Z,2024-08-30T02:11:57.000Z
16845,"Turbo Dismount",2014-05-21,,,Windows PC,,Played,Continuous,Owned,Purchase,,Digital,Steam,,330,,,,"","",,"",,,,"",699,2015-03-27,"Steam Store",,,,,,"",6,7,5,,6,7,,2024-08-30T02:11:57.000Z,2026-08-19T10:05:57.000Z
7878,"Unturned",2017-07-07,,,Windows PC,,Played,Continuous,Owned,,,Digital,Steam,,204,,,,,,,,,,,,,,,,,,,,,8,8,7,,5,7,,2024-08-30T02:11:57.000Z,2024-08-30T02:11:57.000Z
124132,"Super Bit Blaster XL",2020-03-16,,,Windows PC,,Unplayed,Not Started,Owned,,,Digital,Steam,,0,,,,,,,,,,,,,,,,,,,,,,,,,,,,2024-08-30T02:11:57.000Z,2024-08-30T02:11:57.000Z
33615,"VRChat",2017-02-01,,,Windows PC,,Played,Continuous,Owned,,,Digital,Steam,,221,,,,,,,,,,,,,,,,,,,,,6,6,6,,6,4,,2024-08-30T02:11:57.000Z,2024-08-30T02:11:57.000Z
1164,"Tomb Raider",2013-03-05,,,Windows PC,,Unplayed,Not Started,Owned,,,Digital,Steam,,0,,,,,,,,,,,,,,,,,,,,,,,,,,,,2024-08-30T02:11:57.000Z,2024-08-30T02:11:57.000Z
191692,"Street Fighter 6",2023-06-02,,,Windows PC,,Playing,Continuous,Owned,Purchase,,Digital,Steam,,16256,,,,"https://www.streetfighter.com/6/buckler/profile/1795844882","",,"",No,,,"",3449,2023-06-04,"CDKeys",1900,,,,,"",9,10,5,6,9,9,Played on Steam Deck,2024-08-30T02:11:57.000Z,2026-10-05T00:28:46.000Z
251653,"Street Fighter 6: Year 1 - Rashid",2023-07-24,,,,DLC / Expansion,,Continuous,,Purchase,,,,,,,,,,,,,,,,,547,2024-05-13,"G2A",,,,,,,,,,,,,,2024-08-30T19:48:47.000Z,2026-08-19T08:49:35.000Z
251657,"Street Fighter 6: Year 1 - A.K.I.",2023-09-27,,,,DLC / Expansion,,Continuous,,Purchase,,,,,,,,,,,,,,,,,547,2024-05-13,"G2A",,,,,,,,,,,,,,2024-08-30T19:48:47.000Z,2026-08-19T08:49:35.000Z
251704,"Street Fighter 6: Year 1 - Akuma",2024-05-22,,,,DLC / Expansion,,Continuous,,Purchase,,,,,,,,,,,,,,,,,547,2024-05-13,"G2A",,,,,,,,,,,,,,2024-08-30T19:48:47.000Z,2026-08-19T08:49:35.000Z
251703,"Street Fighter 6: Year 1 - Ed",2024-02-27,,,,DLC / Expansion,,Continuous,,Purchase,,,,,,,,,,,,,,,,,547,2024-05-13,"G2A",,,,,,,,,,,,,,2024-08-30T19:48:47.000Z,2026-08-19T08:49:35.000Z
7498,"Tekken 7",2017-06-01,218481,"Tekken 7: Originals Edition",Windows PC,,Played,Completed,Owned,Purchase,,Digital,Steam,,9059,1,2024-01-15,day,"","",,"",No,,,"",1124,2022-11-23,"Steam Store",,,,,100,"",7,9,7,7,4,6,,2024-08-30T02:11:57.000Z,2026-09-23T23:23:28.000Z
173151,"Tekken 7: Eliza",2017-07-28,,,,DLC / Expansion,,Continuous,,,,,,,,,,,,,,,,,,,,,,,,,,,,,,,,,,,2024-08-30T19:50:32.000Z,2026-08-19T08:54:34.000Z
119124,"Tekken 7: Anna Williams",2018-09-05,,,,DLC / Expansion,,Continuous,,,,,,,,,,,,,,,,,,,,,,,,,,,,,,,,,,,2024-08-30T19:50:32.000Z,2026-08-19T08:54:34.000Z
173147,"Tekken 7: Lei Wulong",2018-09-06,,,,DLC / Expansion,,Continuous,,,,,,,,,,,,,,,,,,,,,,,,,,,,,,,,,,,2024-08-30T19:50:32.000Z,2026-08-19T08:54:34.000Z
119127,"Tekken 7: Armor King",2018-12-03,,,,DLC / Expansion,,Continuous,,,,,,,,,,,,,,,,,,,,,,,,,,,,,,,,,,,2024-08-30T19:50:32.000Z,2026-08-19T08:54:34.000Z
173152,"Tekken 7: Craig Marduk",2018-12-03,,,,DLC / Expansion,,Continuous,,,,,,,,,,,,,,,,,,,,,,,,,,,,,,,,,,,2024-08-30T19:50:32.000Z,2026-08-19T08:54:34.000Z
119128,"Tekken 7: Julia Chang",2019-02-28,,,,DLC / Expansion,,Continuous,,,,,,,,,,,,,,,,,,,,,,,,,,,,,,,,,,,2024-08-30T19:50:32.000Z,2026-08-19T08:54:34.000Z
163260,"Tekken 7: Zafina",2019-09-09,,,,DLC / Expansion,,Continuous,,,,,,,,,,,,,,,,,,,,,,,,,,,,,,,,,,,2024-08-30T19:50:32.000Z,2026-08-19T08:54:34.000Z
163262,"Tekken 7: Leroy Smith",2019-12-10,,,,DLC / Expansion,,Continuous,,,,,,,,,,,,,,,,,,,,,,,,,,,,,,,,,,,2024-08-30T19:50:32.000Z,2026-08-19T08:54:34.000Z
163264,"Tekken 7: Frame Data Display",2019-12-10,,,,DLC / Expansion,,Continuous,,,,,,,,,,,,,,,,,,,,,,,,,,,,,,,,,,,2024-08-30T19:50:32.000Z,2026-08-19T08:54:34.000Z
173155,"Tekken 7: Ganryu",2019-12-10,,,,DLC / Expansion,,Continuous,,,,,,,,,,,,,,,,,,,,,,,,,,,,,,,,,,,2024-08-30T19:50:32.000Z,2026-08-19T08:54:34.000Z
163263,"Tekken 7: Fahkumram",2020-03-24,,,,DLC / Expansion,,Continuous,,,,,,,,,,,,,,,,,,,,,,,,,,,,,,,,,,,2024-08-30T19:50:32.000Z,2026-08-19T08:54:34.000Z
173148,"Tekken 7: Kunimitsu",2020-11-10,,,,DLC / Expansion,,Continuous,,,,,,,,,,,,,,,,,,,,,,,,,,,,,,,,,,,2024-08-30T19:50:32.000Z,2026-08-19T08:54:34.000Z
173154,"Tekken 7: Vermilion Gates",2020-11-10,,,,DLC / Expansion,,Continuous,,,,,,,,,,,,,,,,,,,,,,,,,,,,,,,,,,,2024-08-30T19:50:32.000Z,2026-08-19T08:54:34.000Z
163267,"Tekken 7: Lidia Sobieska",2021-03-23,,,,DLC / Expansion,,Continuous,,,,,,,,,,,,,,,,,,,,,,,,,,,,,,,,,,,2024-08-30T19:50:32.000Z,2026-08-19T08:54:34.000Z
173150,"Tekken 7: Island Paradise",2021-03-23,,,,DLC / Expansion,,Continuous,,,,,,,,,,,,,,,,,,,,,,,,,,,,,,,,,,,2024-08-30T19:50:32.000Z,2026-08-19T08:54:34.000Z
163266,"Tekken 7: Cave of Enlightenment",2020-03-24,,,,DLC / Expansion,,Continuous,,,,,,,,,,,,,,,,,,,,,,,,,,,,,,,,,,,2024-08-30T19:50:32.000Z,2026-08-19T08:54:34.000Z
214417,"The Finals",2023-12-07,,,Windows PC,,Unplayed,Not Started,Owned,Free-to-play,,Digital,Steam,,0,,,,"","",,"",,,,"",,2023-12-10,"Steam Store",,,,,,"",,,,,,,,2024-08-30T02:11:57.000Z,2026-08-19T09:37:58.000Z
3212,"The Sims 4",2014-09-02,,,Windows PC,,Unplayed,Not Started,Owned,Free-to-play,,Digital,Steam,,0,,,,"","",,"",No,,,"",,2024-08-22,"Steam Store",,,,,,"",7,8,7,,7,7,,2024-08-30T02:11:57.000Z,2026-08-19T09:45:16.000Z
217590,"Tekken 8",2024-01-26,262609,"Tekken 8: Deluxe Edition",Windows PC,,Played,Continuous,Owned,Purchase,,Digital,Steam,,24411,,,day,"https://wank.wavu.wiki/player/53DDN3qqYL4j
https://ewgf.gg/player/53DDN3qqYL4j","",,"",No,,,"",5899,2023-09-20,"CDKeys",399,,,,,"",8,9,10,8,10,6,,2024-08-30T02:11:57.000Z,2026-09-30T01:50:35.000Z
296675,"Tekken 8: Eddy Gordo",2024-04-04,,,,DLC / Expansion,,Continuous,,,,,,,,,,,,,,,,,,,,,,,,,,,,,,,,,,,2024-08-30T19:51:15.000Z,2026-09-23T10:42:32.000Z
310478,"Tekken 8: Lidia Sobieska",2024-07-25,,,,DLC / Expansion,,Continuous,,,,,,,,,,,,,,,,,,,,,,,,,,,,,,,,,,,2024-08-30T19:51:15.000Z,2026-09-23T10:42:32.000Z
310523,"Tekken 8: Heihachi Mishima",2024-10-03,,,,DLC / Expansion,,Continuous,,,,,,,,,,,,,,,,,,,,,,,,,,,,,,,,,,,2024-08-30T19:51:15.000Z,2026-09-23T10:42:32.000Z
325597,"Tekken 8: Clive Rosfield",2024-12-19,,,,DLC / Expansion,,Continuous,,,,,,,,,,,,,,,,,,,,,,,,,,,,,,,,,,,2025-03-04T15:19:57.000Z,2026-09-23T10:42:32.000Z
891,"Team Fortress 2",2007-10-10,,,Windows PC,,Played,Continuous,Owned,,,Digital,Steam,,4608,,,,,,,,,,,,,,,,,,,,,8,8,8,,7,8,,2024-08-30T02:11:57.000Z,2024-08-30T02:11:57.000Z
884,"Street Fighter IV",2008-07-18,,,Xbox 360,,Played,Beaten,Owned,,,Physical,,,0,,2010-03-12,day,"","",,"",,,,"",,,,,,,,,"",9,9,9,6,8,8,,2024-08-30T02:11:57.000Z,2025-09-12T12:51:36.000Z
7471,"Transformers: Revenge of the Fallen",2009-06-23,,,Xbox 360,,Played,Beaten,Owned,,,Physical,,,0,,,,,,,,,,,,,,,,,,,,,7,7,6,6,7,8,,2024-08-30T02:11:57.000Z,2024-08-30T02:11:57.000Z
144022,"Sifu",2022-02-08,,,Windows PC,,Played,Unfinished,Unlicensed,,,Digital,,,0,,,,"Playing on Steam Deck","",,"",No,,,"",,,,,,,,,"",,,,,,,,2024-08-30T02:14:30.000Z,2025-09-19T02:07:36.000Z
110248,"Stray",2022-07-19,,,Windows PC,,Played,Beaten,Unlicensed,,,Digital,,,299,,2024-09-26,day,"Playing on Steam Deck","",,"",No,,,"",,,,,,,,,"",8,7,6,7,8,8,Played on Steam Deck,2024-08-30T02:15:28.000Z,2025-10-06T02:08:14.000Z
126459,"Valorant",2020-06-02,,,Windows PC,,Played,Continuous,Owned,Free-to-play,,Digital,,,20620,,,,"https://tracker.gg/valorant/profile/riot/Meil00run%239235/overview?playlist=competitive&season=all","",,"",No,,Europe (PAL),"",,2021-07-22,"Riot Games",,,,,,"",8,9,7,6,7,8,,2024-08-30T02:16:24.000Z,2025-06-28T01:44:46.000Z
134581,"Marvel's Spider-Man: Miles Morales",2020-11-12,,,Windows PC,,Played,Beaten,Unlicensed,,,Digital,,,0,,,,"","",,"",No,,,"",,,,,,,,,"",8,8,8,7,8,8,Played on Steam Deck,2024-08-30T10:58:13.000Z,2025-10-06T02:07:45.000Z
115,"League of Legends",2009-10-27,,,Windows PC,,Played,Continuous,Owned,Free-to-play,,Digital,,,1627,,,,"","",,"",No,,Europe (PAL),"",,2021-07-24,"Riot Games",,,,,,"",7,8,7,,6,7,,2024-08-30T11:01:53.000Z,2025-06-09T16:34:55.000Z
114795,"Apex Legends",2019-02-04,,,Windows PC,,Played,Continuous,Owned,Free-to-play,,Digital,EA,,58,,,,"","",,"",No,,,"",,,,,,,,,"",6,7,5,,8,6,,2024-08-30T11:05:19.000Z,2025-06-09T16:40:21.000Z
501,"Batman: Arkham City",2011-10-18,,,Windows PC,,Played,Beaten,Unlicensed,,,Digital,,,0,,,,,,,,No,,,,,,,,,,,,,8,8,7,8,8,8,,2024-08-30T11:07:40.000Z,2024-08-30T11:07:40.000Z
18320,"Battlefield 1",2016-10-21,,,Windows PC,,Played,Continuous,Owned,,,Digital,EA,,11174,,,,,,,,No,,,,,,,,,,,,,9,10,10,7,10,9,,2024-08-30T11:08:56.000Z,2024-08-30T11:08:56.000Z
343,"Battlefield 3",2011-10-25,,,Windows PC,,Played,Continuous,Owned,,,Digital,EA,,1380,,,,,,,,No,,,,,,,,,,,,,9,8,7,7,7,10,,2024-08-30T11:09:55.000Z,2024-08-30T11:09:55.000Z
352,"Battlefield: Bad Company 2",2010-03-02,,,Windows PC,,Played,Continuous,Owned,,,Digital,,,,,,,,,,,No,,,,,,,,,,,,,9,9,6,7,7,8,,2024-08-30T11:10:33.000Z,2024-08-30T11:10:33.000Z
4712,"Big Beach Sports",2008-06-24,,,Wii,,Played,Continuous,Owned,,,Physical,,,0,,,,,,,,,,Europe (PAL),,,,,,Good,Missing,Good,,,6,7,6,,6,7,,2024-08-30T11:11:29.000Z,2024-08-30T11:11:29.000Z
2744,"Big Brain Academy",2006-06-05,,,Nintendo DS,,Played,Continuous,Formerly Owned,,,Physical,,,0,,,,,,,,No,,,,,,,,,,,,,7,8,7,6,7,8,,2024-08-30T11:12:07.000Z,2024-08-30T11:12:07.000Z
18484,"Clustertruck",2016-09-27,,,Windows PC,,Played,Dropped,Unlicensed,,,Digital,,,,,,,,,,,No,,,,,,,,,,,,,6,7,5,,5,7,,2024-08-30T11:13:01.000Z,2024-08-30T11:13:17.000Z
3490,"F-Zero",1990-11-21,,,Wii U,,Played,Continuous,Owned,,,Digital,,,0,,,,,,,,No,,,,,,,,,,,,,7,8,7,,7,7,,2024-08-30T11:14:12.000Z,2024-08-30T11:14:12.000Z
8499,"Five Nights at Freddy's",2014-08-08,,,Windows PC,,Played,Completed,Unlicensed,,,Digital,,,0,,,,,,,,No,,,,,,,,,,,100,,7,8,8,9,6,8,,2024-08-30T11:15:04.000Z,2024-08-30T11:15:04.000Z
9195,"Five Nights at Freddy's 2",2014-11-10,,,Windows PC,,Played,Beaten,Unlicensed,,,Digital,,,180,,,,,,,,No,,,,,,,,,,,,,7,7,8,9,7,8,,2024-08-30T11:15:51.000Z,2024-08-30T11:15:51.000Z
9196,"Five Nights at Freddy's 3",2015-03-02,,,Windows PC,,Played,Beaten,Unlicensed,,,Digital,,,0,,,,,,,,No,,,,,,,,,,,,,7,7,7,9,7,8,,2024-08-30T11:16:16.000Z,2024-08-30T11:16:16.000Z
194208,"JoJo’s Bizarre Adventure: All-Star Battle R",2022-09-01,218458,"JoJo's Bizarre Adventure: All Star Battle R - Digital Deluxe Edition",Windows PC,,Played,Continuous,Unlicensed,,,Digital,,,354,,,,"","",,"",No,,,"",,,,,,,,,"",8,9,7,,8,5,,2024-08-30T11:24:18.000Z,2026-02-15T04:00:37.000Z
103288,"Jump Force",2019-02-14,118748,"Jump Force: Deluxe Edition",Windows PC,,Played,Continuous,Unlicensed,,,Digital,,,3021,,,,"","",,"",No,,,"",,,,,,,,,"",6,6,6,5,4,6,,2024-08-30T11:26:07.000Z,2026-09-03T14:58:37.000Z
187989,"Jump Force: Character Pack 1 - Seto Kaiba",2019-05-28,,,,DLC / Expansion,,Continuous,,,,,,,,,,,,,,,,,,,,,,,,,,,,,,,,,,,2024-08-30T11:26:07.000Z,2025-11-12T09:35:38.000Z
187992,"Jump Force: Character Pack 2 - Biscuit Krueger",2019-05-28,,,,DLC / Expansion,,Continuous,,,,,,,,,,,,,,,,,,,,,,,,,,,,,,,,,,,2024-08-30T11:26:07.000Z,2025-11-12T09:35:38.000Z
167777,"Jump Force: Character Pack 4 - Majin Buu (Good)",2019-08-27,,,,DLC / Expansion,,Continuous,,,,,,,,,,,,,,,,,,,,,,,,,,,,,,,,,,,2024-08-30T11:26:07.000Z,2025-11-12T09:35:38.000Z
187990,"Jump Force: Character Pack 3 - All Might",2019-05-28,,,,DLC / Expansion,,Continuous,,,,,,,,,,,,,,,,,,,,,,,,,,,,,,,,,,,2024-08-30T11:26:07.000Z,2025-11-12T09:35:38.000Z
167772,"Jump Force: Character Pack 5 - Katsuki Bakugo",2019-08-27,,,,DLC / Expansion,,Continuous,,,,,,,,,,,,,,,,,,,,,,,,,,,,,,,,,,,2024-08-30T11:26:07.000Z,2025-11-12T09:35:38.000Z
167775,"Jump Force: Character Pack 6 - Toshiro Hitsugaya",2019-11-19,,,,DLC / Expansion,,Continuous,,,,,,,,,,,,,,,,,,,,,,,,,,,,,,,,,,,2024-08-30T11:26:07.000Z,2025-11-12T09:35:38.000Z
167779,"Jump Force: Character Pack 7 - Madara Uchiha",2019-11-19,,,,DLC / Expansion,,Continuous,,,,,,,,,,,,,,,,,,,,,,,,,,,,,,,,,,,2024-08-30T11:26:07.000Z,2025-11-12T09:35:38.000Z
167776,"Jump Force: Character Pack 9 - Trafalgar Law",2019-12-17,,,,DLC / Expansion,,Continuous,,,,,,,,,,,,,,,,,,,,,,,,,,,,,,,,,,,2024-08-30T11:26:07.000Z,2025-11-12T09:35:38.000Z
167778,"Jump Force: Character Pack 8 - Grimmjow Jaegerjaquez",2019-12-17,,,,DLC / Expansion,,Continuous,,,,,,,,,,,,,,,,,,,,,,,,,,,,,,,,,,,2024-08-30T11:26:07.000Z,2025-11-12T09:35:38.000Z
167770,"Jump Force: Character Pack 10 - Shoto Todoroki",2020-05-21,,,,DLC / Expansion,,Continuous,,,,,,,,,,,,,,,,,,,,,,,,,,,,,,,,,,,2024-08-30T11:26:07.000Z,2025-11-12T09:35:38.000Z
167771,"Jump Force: Character Pack 11 - Meruem",2020-10-27,,,,DLC / Expansion,,Continuous,,,,,,,,,,,,,,,,,,,,,,,,,,,,,,,,,,,2024-08-30T11:26:07.000Z,2025-11-12T09:35:38.000Z
167774,"Jump Force: Character Pack 12 - Hiei",2020-10-27,,,,DLC / Expansion,,Continuous,,,,,,,,,,,,,,,,,,,,,,,,,,,,,,,,,,,2024-08-30T11:26:07.000Z,2025-11-12T09:35:38.000Z
167769,"Jump Force: Character Pack 13 - Yoruichi Shihoin",2021-02-02,,,,DLC / Expansion,,Continuous,,,,,,,,,,,,,,,,,,,,,,,,,,,,,,,,,,,2024-08-30T11:26:07.000Z,2025-11-12T09:35:38.000Z
167773,"Jump Force: Character Pack 14 - Giorno Giovanna",2021-04-13,,,,DLC / Expansion,,Continuous,,,,,,,,,,,,,,,,,,,,,,,,,,,,,,,,,,,2024-08-30T11:26:07.000Z,2025-11-12T09:35:38.000Z
102321,"LEGO DC Super-Villains",2018-10-16,,,Windows PC,,Played,Beaten,Unlicensed,,,Digital,,,1271,,,,,,,,No,,,,,,,,,,,,,8,7,7,8,7,8,,2024-08-30T11:29:34.000Z,2024-08-30T11:29:34.000Z
119305,"LEGO Star Wars: The Skywalker Saga",2022-04-05,138105,"LEGO Star Wars: The Skywalker Saga - Deluxe Edition",Windows PC,,Played,Unfinished,Unlicensed,,,Digital,,,673,,,,"","",,"",No,,,"",,,,,,,,,"",,,,,,,,2024-08-30T11:31:04.000Z,2025-06-27T15:37:17.000Z
201137,"LEGO Star Wars: The Skywalker Saga - The Mandalorian: Season 1 - Character Pack",2022-04-05,,,,DLC / Expansion,,,,,,,,,,,,,,,,,,,,,,,,,,,,,,,,,,,,,2024-08-30T11:31:04.000Z,2025-06-27T15:37:17.000Z
201138,"LEGO Star Wars: The Skywalker Saga - Solo: A Star Wars Story - Character Pack",2022-04-05,,,,DLC / Expansion,,,,,,,,,,,,,,,,,,,,,,,,,,,,,,,,,,,,,2024-08-30T11:31:04.000Z,2025-06-27T15:37:17.000Z
199517,"LEGO Star Wars: The Skywalker Saga - Classic Character Pack",2022-04-19,,,,DLC / Expansion,,,,,,,,,,,,,,,,,,,,,,,,,,,,,,,,,,,,,2024-08-30T11:31:04.000Z,2025-06-27T15:37:17.000Z
199760,"LEGO Star Wars: The Skywalker Saga - Rogue One: A Star Wars Story Character Pack",2022-04-19,,,,DLC / Expansion,,,,,,,,,,,,,,,,,,,,,,,,,,,,,,,,,,,,,2024-08-30T11:31:04.000Z,2025-06-27T15:37:17.000Z
196046,"LEGO Star Wars: The Skywalker Saga - Character Collection 1",2022-04-05,,,,DLC / Expansion,,Continuous,,,,,,,,,,,,,,,,,,,,,,,,,,,,,,,,,,,2024-08-30T11:31:04.000Z,2025-06-27T15:37:17.000Z
26764,"Mario Kart 8 Deluxe",2017-04-28,,,Nintendo Switch,,Played,Continuous,Owned,Purchase,,Digital,Nintendo eShop,,324,,,,"","",,"",No,,,"",,,,,,,,,"",9,9,9,,8,7,,2024-08-30T11:32:44.000Z,2026-08-01T01:32:18.000Z
231440,"Mario Kart 8 Deluxe: Booster Course Pass - Wave 1",2022-03-18,,,,DLC / Expansion,,Continuous,,,,,,,,,,,,,,,,,,,,,,,,,,,,,,,,,,,2024-08-30T11:32:44.000Z,2026-03-06T23:58:06.000Z
231441,"Mario Kart 8 Deluxe: Booster Course Pass - Wave 2",2022-08-04,,,,DLC / Expansion,,Continuous,,,,,,,,,,,,,,,,,,,,,,,,,,,,,,,,,,,2024-08-30T11:32:44.000Z,2026-03-06T23:58:06.000Z
217559,"Mario Kart 8 Deluxe: Booster Course Pass - Wave 3",2022-12-07,,,,DLC / Expansion,,Continuous,,,,,,,,,,,,,,,,,,,,,,,,,,,,,,,,,,,2024-08-30T11:32:44.000Z,2026-03-06T23:58:06.000Z
231442,"Mario Kart 8 Deluxe: Booster Course Pass - Wave 4",2023-03-09,,,,DLC / Expansion,,Continuous,,,,,,,,,,,,,,,,,,,,,,,,,,,,,,,,,,,2024-08-30T11:32:44.000Z,2026-03-06T23:58:06.000Z
231444,"Mario Kart 8 Deluxe: Booster Course Pass - Wave 5",2023-07-12,,,,DLC / Expansion,,Continuous,,,,,,,,,,,,,,,,,,,,,,,,,,,,,,,,,,,2024-08-30T11:32:44.000Z,2026-03-06T23:58:06.000Z
231445,"Mario Kart 8 Deluxe: Booster Course Pass - Wave 6",2023-11-09,,,,DLC / Expansion,,Continuous,,,,,,,,,,,,,,,,,,,,,,,,,,,,,,,,,,,2024-08-30T11:32:44.000Z,2026-03-06T23:58:06.000Z
2485,"Luigi's Mansion",2001-09-14,,,Nintendo GameCube,,Played,Completed,Formerly Owned,Gift,,Physical,,,558,,,,,,,,No,,,,,,,,,,,100,,8,7,8,6,8,7,,2024-08-30T11:33:52.000Z,2024-08-30T11:33:52.000Z
2476,"Luigi's Mansion: Dark Moon",2013-03-20,,,Nintendo 3DS,,Played,Unfinished,Owned,,,Physical,,,240,,,,,,,,,,,,,,,,,,,,,,,,,,,,2024-08-30T11:35:38.000Z,2024-08-30T11:35:38.000Z
22850,"M.U.G.E.N",2002-04-14,,,Windows PC,,Played,Continuous,Owned,,,Digital,,,12631,,,,,,,,No,,,,,,,,,,,,,8,7,,,6,10,,2024-08-30T11:45:03.000Z,2024-08-30T11:45:03.000Z
1011,"Borderlands 2",2012-09-18,,,Windows PC,,Played,Dropped,Owned,,,Digital,Epic Games,,292,,,,"","",,"",No,,,"",,,,,,,,,"",7,8,6,6,8,7,,2024-08-30T11:49:26.000Z,2026-08-19T09:52:00.000Z
119267,"Borderlands 2: Commander Lilith and the Fight for Sanctuary",2019-06-09,,,,DLC / Expansion,,Not Started,,,,,,,,,,,,,,,,,,,,,,,,,,,,,,,,,,,2024-08-30T11:49:26.000Z,2026-08-19T09:52:00.000Z
19164,"Borderlands 3",2019-09-13,,,Windows PC,,Unplayed,Not Started,Owned,Free,,Digital,Epic Games,,0,,,,"","",,"",No,,,"",,2022-05-20,"Epic Games Store",,,,,,"",,,,,,,,2024-08-30T11:50:24.000Z,2025-06-27T15:24:54.000Z
9066,"Cities: Skylines",2015-03-10,,,Windows PC,,Unplayed,Not Started,Owned,Free,,Digital,Epic Games,,0,,,,"","",,"",No,,,"",,2020-12-17,"Epic Games Store",,,,,,"",,,,,,,,2024-08-30T14:15:06.000Z,2025-06-27T14:59:56.000Z
19130,"Sid Meier's Civilization VI",2016-10-20,,,Windows PC,,Played,Continuous,Owned,Free,,Digital,Epic Games,,2186,,,,"","",,"",No,,Europe (PAL),"",,2020-05-25,"Epic Games Store",,,,,,"",8,9,7,,7,9,,2024-08-30T14:16:05.000Z,2025-06-27T14:30:03.000Z
2706,"Mario & Sonic at the Olympic Games",2007-11-06,,,Wii,,Played,Continuous,Formerly Owned,,,Physical,,,360,,,,,,,,No,,,,,,,,,,,,,7,7,7,,7,7,,2024-08-30T16:10:04.000Z,2024-08-30T16:10:04.000Z
2350,"Mario Kart 8",2014-05-29,,,Wii U,,Played,Continuous,Owned,,,Digital,,,0,,,,"89",,,,No,,,,,,,,,,,,,8,8,8,,8,7,,2024-08-30T16:10:42.000Z,2024-08-30T16:10:42.000Z
22146,"Mario Kart 8: DLC Pack Two",2015-04-23,,,,DLC / Expansion,,,,,,,,,,,,,,,,,,,,,,,,,,,,,,,,,,,,,2024-08-30T16:10:42.000Z,2024-08-30T16:10:42.000Z
22141,"Mario Kart 8: DLC Pack One",2014-11-13,,,,DLC / Expansion,,,,,,,,,,,,,,,,,,,,,,,,,,,,,,,,,,,,,2024-08-30T16:10:42.000Z,2024-08-30T16:10:42.000Z
2183,"Mario Kart Wii",2008-04-10,,,Wii,,Played,Continuous,Owned,,,Physical,,,960,,,,,,,,,,,,,,,,,,,,,8,7,9,,7,8,,2024-08-30T16:11:21.000Z,2024-08-30T16:11:21.000Z
143620,"Miitopia",2021-05-20,,,Nintendo Switch,,Played,Unfinished,Formerly Owned,Free,,Digital,Nintendo eShop,,0,,,,,,,,No,,,,,,,,,,,,,,,,,,,,2024-08-30T16:12:35.000Z,2024-08-30T16:12:35.000Z
8479,"Naruto Shippuden: Ultimate Ninja Storm Revolution",2014-09-11,,,Windows PC,,Played,Continuous,Unlicensed,,,Digital,,,0,,,,,,,,No,,,,,,,,,,,,,6,6,8,5,6,7,,2024-08-30T16:14:38.000Z,2024-08-30T16:14:38.000Z
1076,"New Super Mario Bros.",2006-05-15,,,Nintendo DS,,Played,Beaten,Formerly Owned,,,Physical,,,0,,,,,,,,No,,,,,,,,,,,,,7,7,7,6,6,8,,2024-08-30T16:15:17.000Z,2024-08-30T16:15:17.000Z
2178,"New Super Mario Bros. Wii",2009-11-12,,,Wii,,Played,Beaten,Owned,,,Physical,,,0,,,,,,,,,,,,,,,,,,,,,7,8,7,6,7,8,,2024-08-30T16:15:46.000Z,2024-08-30T16:15:46.000Z
2172,"Nintendo Land",2012-11-18,,,Wii U,,Played,Continuous,Formerly Owned,,,Digital,,,636,,,,,,,,No,,,,,,,,,,,,,8,9,7,,7,8,,2024-08-30T16:16:21.000Z,2024-08-30T16:16:21.000Z
1522,"Pokémon White Version",2010-09-18,,,Nintendo DS,,Played,Beaten,Owned,,,Physical,,,2004,,,,,,,,,,,,,,,,,,,,,9,9,9,8,8,9,,2024-08-30T16:17:46.000Z,2024-08-30T16:17:46.000Z
8353,"Pokémon White Version 2",2012-06-23,,,Nintendo DS,,Played,Beaten,Owned,Free,,Digital,Retro Achievement,,0,,,,,,,,No,,,,,,,,,,,,,9,9,9,8,9,9,,2024-08-30T16:18:32.000Z,2024-08-30T16:18:32.000Z
1517,"Pokémon Emerald Version",2004-09-16,,,Game Boy Advance,,Unplayed,Not Started,Unlicensed,,,Digital,Retro Achievement,,,,,,,,,,No,,,,,,,,,,,,,,,,,,,,2024-08-30T16:18:57.000Z,2024-12-19T10:31:58.000Z
1559,"Pokémon FireRed Version",2004-01-29,,,Game Boy Advance,,Unplayed,Not Started,Unlicensed,,,Digital,Retro Achievement,,,,,,,,,,No,,,,,,,,,,,,,,,,,,,,2024-08-30T16:19:15.000Z,2024-12-19T10:32:15.000Z
1556,"Pokémon HeartGold Version",2009-09-12,,,Nintendo DS,,Unplayed,Not Started,Unlicensed,,,Digital,Retro Achievement,,,,,,,,,,No,,,,,,,,,,,,,,,,,,,,2024-08-30T16:19:43.000Z,2024-12-19T10:32:56.000Z
144054,"Pokémon Legends: Arceus",2022-01-28,,,Nintendo Switch,,Played,Unfinished,Unlicensed,Free,,Digital,,,,,,,,,,,No,,,,,,,,,,,,,,,,,,,,2024-08-30T16:20:36.000Z,2024-12-19T10:35:28.000Z
6897,"Pokémon Omega Ruby",2014-11-21,,,Nintendo 3DS,,Played,Unfinished,Owned,,,Digital,Retro Achievement,,0,,,,,,,,No,,,,,,,,,,,,,,,,,,,,2024-08-30T16:21:08.000Z,2024-08-30T16:21:08.000Z
1519,"Pokémon Platinum Version",2008-09-13,,,Nintendo DS,,Played,Beaten,Unlicensed,,,Digital,Retro Achievement,,0,,,,,,,,No,,,,,,,,,,,,,9,9,9,8,8,8,,2024-08-30T16:21:35.000Z,2024-08-30T16:21:35.000Z
191930,"Pokémon Violet",2022-11-18,,,Nintendo Switch,,Played,Dropped,Unlicensed,,,Digital,,,0,,,,"","",,"",No,,,"",,,,,,,,0,"",,,,,,,Played on Steam Deck,2024-08-30T16:21:58.000Z,2026-07-24T03:18:21.000Z
18100,"Pokémon Sun",2016-11-18,,,Nintendo 3DS,,Unplayed,Not Started,Owned,,,Physical,,,,,,,,,,,,,,,,,,,,,,,,,,,,,,,2024-08-30T16:22:22.000Z,2024-08-30T16:22:22.000Z
2287,"Pokémon Y",2013-10-12,,,Nintendo 3DS,,Played,Beaten,Owned,,,Physical,,,0,,,,,,,,,,,,,,,,,,,,,8,9,7,7,7,8,,2024-08-30T16:22:56.000Z,2024-08-30T16:22:56.000Z
6866,"Puyo Puyo Tetris",2014-02-06,,,Nintendo Switch,,Played,Continuous,Owned,,,Digital,Nintendo eShop,,0,,,,,,,,No,,,,,,,,,,,,,7,7,8,,7,7,,2024-08-30T16:23:31.000Z,2024-08-30T16:23:31.000Z
17269,"Roblox",2006-09-01,,,Windows PC,,Played,Continuous,Owned,,,Digital,,,5806,,,,"","",,"",No,,,"",,,,,,,,,"",6,6,4,,5,5,Played on Steam Deck,2024-08-30T16:24:19.000Z,2026-10-02T01:30:32.000Z
26774,"Snipperclips: Cut It Out, Together!",2017-03-03,,,Nintendo Switch,,Played,Unfinished,Owned,,,Digital,Nintendo eShop,,0,,,,,,,,No,,,,,,,,,,,,,,,,,,,,2024-08-30T16:24:46.000Z,2024-08-30T16:24:46.000Z
2267,"Sonic Colors",2010-11-11,,,Wii,,Played,Beaten,Formerly Owned,,,Digital,,,,,,,,,,,No,,,,,,,,,,,,,8,7,8,6,7,8,,2024-08-30T16:26:19.000Z,2024-12-19T10:56:53.000Z
74701,"Star Wars Jedi: Fallen Order",2019-11-15,,,Windows PC,,Played,Beaten,Owned,,,Digital,EA,,,,,,,,,,No,,,,,,,,,,,,,8,8,8,8,8,8,,2024-08-30T16:27:33.000Z,2024-09-06T11:23:26.000Z
153,"Star Wars: Jedi Knight - Jedi Academy",2003-09-16,,,Windows PC,,Played,Beaten,Unlicensed,,,Digital,,,0,,,,,,,,No,,,,,,,,,,,,,7,8,8,7,6,6,,2024-08-30T16:28:28.000Z,2024-08-30T16:28:28.000Z
134706,"Star Wars: Squadrons",2020-10-01,,,Windows PC,,Played,Unfinished,Owned,,,Digital,EA,,185,,,,"","",,"",No,,,"",,,,,,,,,"",,,,,,,,2024-08-30T16:34:45.000Z,2025-06-09T16:41:36.000Z
1065,"Street Fighter X Tekken",2012-03-06,,,Windows PC,,Played,Continuous,Unlicensed,,,Digital,,,1162,,,,"","",,"",No,,,"",,,,,,,,,"",6,9,6,4,4,8,,2024-08-30T16:35:38.000Z,2026-03-04T10:10:46.000Z
174508,"Street Fighter X Tekken: Additional 12 Characters Pack",2013-02-06,,,,DLC / Expansion,,Continuous,,,,,,,,,,,,,,,,,,,,,,,,,,,,,,,,,,,2024-08-30T16:35:38.000Z,2026-02-07T02:42:48.000Z
2180,"Super Mario 3D World",2013-11-21,,,Wii U,,Played,Beaten,Owned,,,Digital,,,0,,,,,,,,No,,,,,,,,,,,,,7,8,7,6,8,9,,2024-08-30T16:37:31.000Z,2024-08-30T16:37:31.000Z
229339,"Super Mario 3D World",2021-02-12,,,Nintendo Switch,,Played,Beaten,Owned,,,Digital,Nintendo eShop,,0,,,,,,,,No,,,,,,,,,,,,,8,8,7,7,8,8,,2024-08-30T16:38:37.000Z,2024-08-30T16:38:37.000Z
1074,"Super Mario 64",1996-06-23,,,Wii,,Played,Beaten,Owned,,,Digital,Wii Shop,,0,,,,,,,,No,,,,,,,,,,,,,9,9,9,6,8,9,,2024-08-30T16:39:08.000Z,2024-08-30T16:39:08.000Z
146246,"Super Mario 64 Plus",2021-04-04,,,Windows PC,,Played,Unfinished,Owned,,,Digital,,,379,,,,,,,,No,,,,,,,,,,,,,,,,,,,,2024-08-30T16:41:59.000Z,2024-08-30T16:41:59.000Z
1077,"Super Mario Galaxy",2007-11-01,,,Wii,,Played,Completed,Formerly Owned,,,Physical,,,2160,2,,,"","","false","",No,,,"",,,,,,,,,"",10,9,10,8,10,10,,2024-08-30T16:43:10.000Z,2025-06-09T16:55:01.000Z
1078,"Super Mario Galaxy 2",2010-05-23,,,Wii,,Played,Completed,Owned,,,Physical,,,0,,,,,,,,,,,,,,,,,,,,,9,9,10,7,10,10,,2024-08-30T16:50:36.000Z,2024-08-30T16:50:36.000Z
7339,"Super Mario Maker",2015-09-10,,,Wii U,,Played,Continuous,Owned,,,Physical,,,0,,,,,,,,,,,,,,,,,,,,,8,9,7,,8,9,,2024-08-30T16:50:58.000Z,2024-08-30T16:50:58.000Z
115276,"Super Mario Maker 2",2019-06-28,,,Nintendo Switch,,Played,Continuous,Owned,,Used,Physical,,,0,,,,"","",,"",,Complete in Box,,"",,,,,Good,N/A,Good,,"",8,9,8,6,8,9,,2024-08-30T16:52:16.000Z,2026-03-06T05:57:49.000Z
26758,"Super Mario Odyssey",2017-10-27,,,Nintendo Switch,,Played,Beaten,Borrowed,,,Physical,,,1734,,2019-08-13,day,"","","true","",No,,,"",,,,,,,,0,"",9,8,8,7,9,9,,2024-08-30T19:09:04.000Z,2026-03-06T23:56:30.000Z
1075,"Super Mario Sunshine",2002-07-19,,,Nintendo GameCube,,Played,Beaten,Formerly Owned,,,Physical,,,0,,,,,,,,No,,,,,,,,,,,,,9,9,7,8,7,8,,2024-08-30T19:09:43.000Z,2024-08-30T19:09:43.000Z
1070,"Super Mario World",1990-11-21,,,Super Nintendo Entertainment System,,Played,Beaten,Borrowed,,,Physical,,,0,,,,,,,,No,,,,,,,,,,,,,8,8,8,6,8,8,,2024-08-30T19:10:25.000Z,2024-08-30T19:10:25.000Z
1628,"Super Smash Bros. Brawl",2008-01-31,,,Wii,,Played,Continuous,Formerly Owned,,,Digital,,,0,,,,,,,,No,,,,,,,,,,,,,8,8,9,7,8,8,,2024-08-30T19:10:59.000Z,2024-08-30T19:10:59.000Z
90101,"Super Smash Bros. Ultimate",2018-12-07,,,Nintendo Switch,,Played,Continuous,Unlicensed,,,Digital,,,10194,,,,"","",,"",No,,,"",,,,,,,,,"",9,9,10,5,8,8,Played on Steam Deck,2024-08-30T19:12:49.000Z,2026-09-02T01:53:12.000Z
136383,"Super Smash Bros. Ultimate - Piranha Plant",2019-02-01,,,,DLC / Expansion,,Continuous,,,,,,,,,,,,,,,,,,,,,,,,,,,,,,,,,,,2024-08-30T19:12:49.000Z,2026-08-29T21:45:25.000Z
129489,"Super Smash Bros. Ultimate: Challenger Pack 1",2019-04-17,,,,DLC / Expansion,,Continuous,,,,,,,,,,,,,,,,,,,,,,,,,,,,,,,,,,,2024-08-30T19:12:49.000Z,2026-08-29T21:45:25.000Z
129491,"Super Smash Bros. Ultimate: Challenger Pack 2",2019-07-30,,,,DLC / Expansion,,Continuous,,,,,,,,,,,,,,,,,,,,,,,,,,,,,,,,,,,2024-08-30T19:12:49.000Z,2026-08-29T21:45:25.000Z
306608,"Super Smash Bros Ultimate: Morgana Hat",2019-04-17,,,,DLC / Expansion,,,,,,,,,,,,,,,,,,,,,,,,,,,,,,,,,,,,,2024-08-30T19:12:49.000Z,2026-08-29T21:45:25.000Z
317934,"Super Smash Bros. Ultimate: Sans Outfit and Mask",2019-09-04,,,,DLC / Expansion,,,,,,,,,,,,,,,,,,,,,,,,,,,,,,,,,,,,,2024-08-30T19:12:49.000Z,2026-08-29T21:45:25.000Z
306045,"Super Smash Bros Ultimate: Jacky's Outfit and Wig",2019-11-06,,,,DLC / Expansion,,,,,,,,,,,,,,,,,,,,,,,,,,,,,,,,,,,,,2024-08-30T19:12:49.000Z,2026-08-29T21:45:25.000Z
306198,"Super Smash Bros Ultimate: Heihachi Outfit and Wig",2020-06-29,,,,DLC / Expansion,,,,,,,,,,,,,,,,,,,,,,,,,,,,,,,,,,,,,2024-08-30T19:12:49.000Z,2026-08-29T21:45:25.000Z
306607,"Super Smash Bros Ultimate: Marie Outfit and Wig",2020-06-29,,,,DLC / Expansion,,,,,,,,,,,,,,,,,,,,,,,,,,,,,,,,,,,,,2024-08-30T19:12:49.000Z,2026-08-29T21:45:25.000Z
306452,"Super Smash Bros. Ultimate: Gil's Armor and Helmet",2020-10-13,,,,DLC / Expansion,,,,,,,,,,,,,,,,,,,,,,,,,,,,,,,,,,,,,2024-08-30T19:12:49.000Z,2026-08-29T21:45:25.000Z
306450,"Super Smash Bros. Ultimate: Lloyd Outfit and Wig",2021-06-29,,,,DLC / Expansion,,,,,,,,,,,,,,,,,,,,,,,,,,,,,,,,,,,,,2024-08-30T19:12:49.000Z,2026-08-29T21:45:25.000Z
306046,"Super Smash Bros Ultimate: Judd Hat",2021-10-18,,,,DLC / Expansion,,,,,,,,,,,,,,,,,,,,,,,,,,,,,,,,,,,,,2024-08-30T19:12:49.000Z,2026-08-29T21:45:25.000Z
122260,"Super Smash Bros. Ultimate: Challenger Pack 3",2019-09-04,,,,DLC / Expansion,,Continuous,,,,,,,,,,,,,,,,,,,,,,,,,,,,,,,,,,,2024-08-30T19:12:49.000Z,2026-08-29T21:45:25.000Z
122261,"Super Smash Bros. Ultimate: Challenger Pack 4",2019-11-06,,,,DLC / Expansion,,Continuous,,,,,,,,,,,,,,,,,,,,,,,,,,,,,,,,,,,2024-08-30T19:12:49.000Z,2026-08-29T21:45:25.000Z
129492,"Super Smash Bros. Ultimate: Challenger Pack 5",2020-01-28,,,,DLC / Expansion,,Continuous,,,,,,,,,,,,,,,,,,,,,,,,,,,,,,,,,,,2024-08-30T19:12:49.000Z,2026-08-29T21:45:26.000Z
133835,"Super Smash Bros. Ultimate: Challenger Pack 6",2020-06-29,,,,DLC / Expansion,,Continuous,,,,,,,,,,,,,,,,,,,,,,,,,,,,,,,,,,,2024-08-30T19:12:49.000Z,2026-08-29T21:45:26.000Z
133837,"Super Smash Bros. Ultimate: Challenger Pack 7",2020-10-13,,,,DLC / Expansion,,Continuous,,,,,,,,,,,,,,,,,,,,,,,,,,,,,,,,,,,2024-08-30T19:12:49.000Z,2026-08-29T21:45:26.000Z
133838,"Super Smash Bros. Ultimate: Challenger Pack 8",2020-12-22,,,,DLC / Expansion,,Continuous,,,,,,,,,,,,,,,,,,,,,,,,,,,,,,,,,,,2024-08-30T19:12:49.000Z,2026-08-29T21:45:26.000Z
133840,"Super Smash Bros. Ultimate: Challenger Pack 10",2021-06-29,,,,DLC / Expansion,,Continuous,,,,,,,,,,,,,,,,,,,,,,,,,,,,,,,,,,,2024-08-30T19:12:49.000Z,2026-08-29T21:45:26.000Z
133839,"Super Smash Bros. Ultimate: Challenger Pack 9",2021-03-04,,,,DLC / Expansion,,Continuous,,,,,,,,,,,,,,,,,,,,,,,,,,,,,,,,,,,2024-08-30T19:12:49.000Z,2026-08-29T21:45:26.000Z
133841,"Super Smash Bros. Ultimate: Challenger Pack 11",2021-10-18,,,,DLC / Expansion,,Continuous,,,,,,,,,,,,,,,,,,,,,,,,,,,,,,,,,,,2024-08-30T19:12:49.000Z,2026-08-29T21:45:26.000Z
248517,"Surf's Up",2007-05-30,,,Nintendo DS,,Played,Beaten,Formerly Owned,,,Physical,,,0,,,,,,,,No,,,,,,,,,,,,,6,5,5,7,6,6,,2024-08-30T19:13:29.000Z,2024-08-30T19:13:29.000Z
1026,"The Legend of Zelda: A Link to the Past",1991-11-21,,,New Nintendo 3DS,,Played,Unfinished,Formerly Owned,,,Physical,,,0,,,,"","","false","",No,,,"",,,,,,,,,"",,,,,,,,2024-08-30T19:15:01.000Z,2025-06-28T19:16:16.000Z
1029,"The Legend of Zelda: Ocarina of Time",1998-11-21,,,Nintendo 64,,Unplayed,Not Started,Unlicensed,,,Digital,Retro Achievement,,,,,,,,,,No,,,,,,,,,,,,,,,,,,,,2024-08-30T19:16:06.000Z,2024-08-30T19:16:06.000Z
143614,"The Legend of Zelda: Skyward Sword HD",2021-07-16,,,Nintendo Switch,,Played,Beaten,Unlicensed,,,Digital,,,1408,,2025-08-21,day,"","",,"",No,,,"",,,,,,,,,"",7,7,10,7,8,9,Played on Steam Deck,2024-08-30T19:17:14.000Z,2026-03-01T00:52:07.000Z
119388,"The Legend of Zelda: Tears of the Kingdom",2023-05-12,,,Nintendo Switch,,Unplayed,Not Started,Unlicensed,,,Digital,,,,,,,,,,,No,,,,,,,,,,,,,,,,,,,,2024-08-30T19:17:35.000Z,2024-08-30T19:17:35.000Z
7346,"The Legend of Zelda: Breath of the Wild",2017-03-03,,,Wii U,,Unplayed,Not Started,Unlicensed,,,Digital,Retro Achievement,,0,,,,"","",,"",No,,,"",,,,,,,,,"",,,,,,,,2024-08-30T19:18:08.000Z,2026-03-06T23:57:12.000Z
41825,"The Legend of Zelda: Breath of the Wild - The Master Trials",2017-06-30,,,,DLC / Expansion,,Not Started,,,,,,,,,,,,,,,,,,,,,,,,,,,,,,,,,,,2024-08-30T19:18:08.000Z,2026-03-06T23:57:12.000Z
41826,"The Legend of Zelda: Breath of the Wild - The Champions' Ballad",2017-12-07,,,,DLC / Expansion,,Not Started,,,,,,,,,,,,,,,,,,,,,,,,,,,,,,,,,,,2024-08-30T19:18:08.000Z,2026-03-06T23:57:12.000Z
1033,"The Legend of Zelda: The Wind Waker",2002-12-13,,,Nintendo GameCube,,Played,Beaten,Borrowed,,,Physical,,,0,,,,,,,,No,,,,,,,,,,,,,7,8,9,7,8,8,,2024-08-30T19:18:38.000Z,2024-08-30T19:18:38.000Z
2276,"The Legend of Zelda: The Wind Waker HD",2013-09-20,,,Wii U,,Unplayed,Not Started,Unlicensed,,,Digital,Retro Achievement,,,,,,,,,,No,,,,,,,,,,,,,,,,,,,,2024-08-30T19:18:54.000Z,2024-08-30T19:18:54.000Z
18017,"The Legend of Zelda: Twilight Princess HD",2016-03-04,,,Wii U,,Unplayed,Not Started,Unlicensed,,,Digital,Retro Achievement,,,,,,,,,,No,,,,,,,,,,,,,,,,,,,,2024-08-30T19:19:58.000Z,2024-08-30T19:19:58.000Z
3035,"The Stanley Parable",2013-10-17,,,Windows PC,,Played,Beaten,Owned,,,Digital,,,0,,,,,,,,No,,,,,,,,,,,,,8,9,6,7,7,8,,2024-08-30T19:20:34.000Z,2024-08-30T19:20:34.000Z
16612,"Twelve Minutes",2021-08-19,,,Windows PC,,Played,Beaten,Unlicensed,,,Digital,,,0,,,,,,,,No,,,,,,,,,,,,,8,9,7,8,7,8,,2024-08-30T19:21:26.000Z,2024-08-30T19:21:26.000Z
2066,"Ultimate Marvel vs. Capcom 3",2011-11-15,,,Windows PC,,Played,Continuous,Unlicensed,,,Digital,,,0,,,,,,,,No,,,,,,,,,,,,,8,8,7,,7,8,,2024-08-30T19:21:53.000Z,2024-08-30T19:21:53.000Z
2186,"Wii Fit",2007-12-01,,,Wii,,Played,Continuous,Owned,,,Physical,,,0,,,,,,,,,,,,,,,,Good,,Acceptable,,,8,8,7,,7,8,,2024-08-30T19:22:37.000Z,2024-08-30T19:22:37.000Z
2185,"Wii Play",2006-12-02,,,Wii,,Played,Continuous,Owned,,,Physical,,,0,,,,,,,,,,,,,,,,,,,,,8,8,8,,7,8,,2024-08-30T19:22:55.000Z,2024-08-30T19:22:55.000Z
2181,"Wii Sports",2006-11-19,,,Wii,,Played,Continuous,Owned,,,Physical,,,0,,,,,,,,,,,,,,,,,,,,,9,9,9,,7,9,,2024-08-30T19:23:14.000Z,2024-08-30T19:23:14.000Z
2182,"Wii Sports Resort",2009-07-24,,,Wii,,Played,Continuous,Owned,,,Physical,,,0,,,,,,,,,,,,,,,,,,,,,7,8,8,,7,7,,2024-08-30T19:23:31.000Z,2024-08-30T19:23:31.000Z
136280,"Classic NES Series: Zelda II - The Adventure of Link",2004-08-10,,,Game Boy Advance,,Played,Unfinished,Borrowed,,,Physical,,,0,,,,,,,,No,,,,,,,,,,,,,,,,,,,,2024-08-30T19:24:26.000Z,2024-08-30T19:24:26.000Z
254339,"Super Mario Bros. Wonder",2023-10-20,,,Nintendo Switch,,Played,Beaten,Unlicensed,,,Digital,,,0,,2025-06-28,day,"","",,"",No,,,"",,,,,,,,,"",8,10,7,5,9,9,Played on Steam Deck,2024-08-30T19:25:11.000Z,2025-10-06T02:08:27.000Z
1238,"Tekken Tag Tournament 2",2012-09-11,,,PlayStation 3,,Played,Continuous,Unlicensed,,,Digital,,,242,,,,"","",,"",No,,Europe (PAL),"",,,,,,,,,"",8,10,8,,7,5,Played on Steam Deck,2024-08-30T19:25:59.000Z,2026-08-26T08:09:15.000Z
1234,"Tekken 5: Dark Resurrection Online",2006-12-27,,,PlayStation 3,,Played,Continuous,Unlicensed,,,Digital,,,203,,,,"","",,"",No,,,"",,,,,,,,,"",9,9,9,7,8,8,Played on Steam Deck,2024-08-30T19:26:29.000Z,2026-05-19T05:43:13.000Z
393182,"Tekken 4",2002-03-28,,,PlayStation 2,,Played,Beaten,Unlicensed,,,Digital,Retro Achievement,,0,,2025-07-13,day,"","",,"",No,,,"",,,,,,,,,"",8,6,9,8,9,7,Played on Steam Deck,2024-08-30T19:26:50.000Z,2026-03-05T13:39:00.000Z
306134,"Tekken 3",1998-03-26,,,PlayStation,,Played,Continuous,Unlicensed,,,Digital,Retro Achievement,,62,,,,"","",,"",No,,Europe (PAL),"",,,,,,,,,"",8,7,7,7,7,6,Played on Steam Deck,2024-08-30T19:27:13.000Z,2026-02-07T02:47:12.000Z
305775,"Tekken 2",1996-03-29,,,PlayStation,,Played,Beaten,Unlicensed,,,Digital,Retro Achievement,,0,,,,"","",,"",No,,,"",,,,,,,,,"",7,7,10,6,7,7,Played on Steam Deck,2024-08-30T19:28:00.000Z,2026-02-07T02:47:16.000Z
304400,"Tekken",1995-03-31,,,PlayStation,,Played,Completed,Unlicensed,,,Digital,Retro Achievement,,0,,,,"","",,"",No,,,"",,,,,,,,,"",6,6,8,6,6,4,Played on Steam Deck,2024-08-30T19:28:31.000Z,2026-02-07T02:47:20.000Z
26401,"Star Wars Battlefront II",2017-11-17,51486,"Star Wars Battlefront II: Elite Trooper Deluxe Edition",Windows PC,,Played,Continuous,Owned,,,Digital,EA,,30666,,,,"","",,"",No,,,"",,,,,,,,,"",9,8,9,7,9,9,,2024-08-30T19:31:01.000Z,2026-04-20T00:49:54.000Z
112586,"Star Wars Battlefront II: Battle of Geonosis",2018-11-28,,,,DLC / Expansion,,Completed,,,,,,,,,,,,,,,,,,,,,,,,,,,,,,,,,,,2024-08-30T19:31:01.000Z,2026-04-02T00:44:17.000Z
138124,"Star Wars Battlefront II: Resurrection",2017-12-13,,,,DLC / Expansion,,Completed,,,,,,,,,,,,,,,,,,,,,,,,,,,,,,,,,,,2024-08-30T19:31:01.000Z,2026-04-02T00:44:17.000Z
121369,"Under Night In-Birth Exe:Late[cl-r]",2020-02-20,,,Windows PC,,Played,Continuous,Unlicensed,,,Digital,,,102,,,,,,,,No,,,,,,,,,,,,,8,8,9,7,7,9,,2024-08-30T19:32:47.000Z,2024-08-30T19:32:47.000Z
1441,"Fire Emblem: Path of Radiance",2005-04-20,,,Nintendo GameCube,,Playing,Unfinished,Unlicensed,,,Digital,Retro Achievement,,0,,,,"Playing on Steam Deck","",,"",No,,Europe (PAL),"",,,,,,,,,"",,,,,,,Played on Steam Deck,2024-08-30T19:34:12.000Z,2026-05-01T19:14:47.000Z
11198,"Rocket League",2015-07-06,,,Windows PC,,Played,Continuous,Owned,Free,,Digital,Epic Games,,28340,,,,"https://rocketleague.tracker.network/rocket-league/profile/epic/Meil00run/overview","",,"",No,,,"",,2020-09-23,"Epic Games Store",,,,,,"",8,9,7,,7,7,Played on Steam Deck,2024-08-30T19:41:39.000Z,2026-04-18T19:54:29.000Z
3212,"The Sims 4",2014-09-02,,,Windows PC,,Played,Continuous,Owned,,,Digital,EA,,8853,,,,"","",,"",No,,,"",,,,,,,,,"",7,8,7,,7,7,,2024-08-30T19:46:53.000Z,2026-08-19T09:45:16.000Z
246619,"The Sims 4: Basement Treasures Kit",2023-04-20,,,,DLC / Expansion,,,,,,,,,,,,,,,,,,,,,,,,,,,,,,,,,,,,,2024-08-30T19:46:53.000Z,2026-08-19T09:45:16.000Z
285667,"The Sims 4: Castle Estate Kit",2024-01-17,,,,DLC / Expansion,,,,,,,,,,,,,,,,,,,,,,,,,,,,,,,,,,,,,2024-08-30T19:46:53.000Z,2026-08-19T09:45:16.000Z
285668,"The Sims 4: Goth Galore Kit",2024-01-17,,,,DLC / Expansion,,,,,,,,,,,,,,,,,,,,,,,,,,,,,,,,,,,,,2024-08-30T19:46:53.000Z,2026-08-19T09:45:16.000Z
296898,"The Sims 4: Urban Homage Kit",2024-04-18,,,,DLC / Expansion,,,,,,,,,,,,,,,,,,,,,,,,,,,,,,,,,,,,,2024-08-30T19:46:53.000Z,2026-08-19T09:45:16.000Z
296899,"The Sims 4: Party Essentials Kit",2024-04-18,,,,DLC / Expansion,,,,,,,,,,,,,,,,,,,,,,,,,,,,,,,,,,,,,2024-08-30T19:46:53.000Z,2026-08-19T09:45:16.000Z
303887,"The Sims 4: Riviera Retreat Kit",2024-05-30,,,,DLC / Expansion,,,,,,,,,,,,,,,,,,,,,,,,,,,,,,,,,,,,,2024-08-30T19:46:53.000Z,2026-08-19T09:45:16.000Z
303888,"The Sims 4: Cozy Bistro Kit",2024-05-30,,,,DLC / Expansion,,,,,,,,,,,,,,,,,,,,,,,,,,,,,,,,,,,,,2024-08-30T19:46:53.000Z,2026-08-19T09:45:16.000Z
13147,"The Sims 4: Luxury Party Stuff",2015-05-19,,,,DLC / Expansion,,,,,,,,,,,,,,,,,,,,,,,,,,,,,,,,,,,,,2024-08-30T19:46:53.000Z,2026-08-19T09:45:16.000Z
13148,"The Sims 4: Perfect Patio Stuff",2015-06-16,,,,DLC / Expansion,,,,,,,,,,,,,,,,,,,,,,,,,,,,,,,,,,,,,2024-08-30T19:46:53.000Z,2026-08-19T09:45:16.000Z
265706,"The Sims 4: Modern Luxe Kit",2023-09-07,,,,DLC / Expansion,,,,,,,,,,,,,,,,,,,,,,,,,,,,,,,,,,,,,2024-08-30T19:46:53.000Z,2026-08-19T09:45:16.000Z
265704,"The Sims 4: Poolside Splash Kit",2023-09-07,,,,DLC / Expansion,,,,,,,,,,,,,,,,,,,,,,,,,,,,,,,,,,,,,2024-08-30T19:46:53.000Z,2026-08-19T09:45:16.000Z
252609,"The Sims 4: Grunge Revival Kit",2023-06-01,,,,DLC / Expansion,,,,,,,,,,,,,,,,,,,,,,,,,,,,,,,,,,,,,2024-08-30T19:46:53.000Z,2026-08-19T09:45:16.000Z
252608,"The Sims 4: Book Nook Kit",2023-06-01,,,,DLC / Expansion,,,,,,,,,,,,,,,,,,,,,,,,,,,,,,,,,,,,,2024-08-30T19:46:53.000Z,2026-08-19T09:45:16.000Z
246618,"The Sims 4: Greenhouse Haven Kit",2023-04-21,,,,DLC / Expansion,,,,,,,,,,,,,,,,,,,,,,,,,,,,,,,,,,,,,2024-08-30T19:46:53.000Z,2026-08-19T09:45:16.000Z
232428,"The Sims 4: Bathroom Clutter Kit",2023-01-19,,,,DLC / Expansion,,,,,,,,,,,,,,,,,,,,,,,,,,,,,,,,,,,,,2024-08-30T19:46:53.000Z,2026-08-19T09:45:16.000Z
232427,"The Sims 4: Simtimates Collection Kit",2023-01-19,,,,DLC / Expansion,,,,,,,,,,,,,,,,,,,,,,,,,,,,,,,,,,,,,2024-08-30T19:46:53.000Z,2026-08-19T09:45:16.000Z
226792,"The Sims 4: Everyday Clutter Kit",2022-11-10,,,,DLC / Expansion,,,,,,,,,,,,,,,,,,,,,,,,,,,,,,,,,,,,,2024-08-30T19:46:53.000Z,2026-08-19T09:45:16.000Z
226791,"The Sims 4: Pastel Pop Kit",2022-11-10,,,,DLC / Expansion,,,,,,,,,,,,,,,,,,,,,,,,,,,,,,,,,,,,,2024-08-30T19:46:53.000Z,2026-08-19T09:45:16.000Z
217801,"The Sims 4: Desert Luxe Kit",2022-09-14,,,,DLC / Expansion,,,,,,,,,,,,,,,,,,,,,,,,,,,,,,,,,,,,,2024-08-30T19:46:53.000Z,2026-08-19T09:45:16.000Z
215720,"The Sims 4: First Fits Kit",2022-09-01,,,,DLC / Expansion,,,,,,,,,,,,,,,,,,,,,,,,,,,,,,,,,,,,,2024-08-30T19:46:53.000Z,2026-08-19T09:45:16.000Z
202257,"The Sims 4: Little Campers Kit",2022-05-26,,,,DLC / Expansion,,,,,,,,,,,,,,,,,,,,,,,,,,,,,,,,,,,,,2024-08-30T19:46:53.000Z,2026-08-19T09:45:16.000Z
202254,"The Sims 4: Moonlight Chic Kit",2022-05-26,,,,DLC / Expansion,,,,,,,,,,,,,,,,,,,,,,,,,,,,,,,,,,,,,2024-08-30T19:46:53.000Z,2026-08-19T09:45:16.000Z
195598,"The Sims 4: Decor to the Max Kit",2022-03-21,,,,DLC / Expansion,,,,,,,,,,,,,,,,,,,,,,,,,,,,,,,,,,,,,2024-08-30T19:46:53.000Z,2026-08-19T09:45:16.000Z
191847,"The Sims 4: Carnaval Streetwear Kit",2022-02-03,,,,DLC / Expansion,,,,,,,,,,,,,,,,,,,,,,,,,,,,,,,,,,,,,2024-08-30T19:46:53.000Z,2026-08-19T09:45:16.000Z
183145,"The Sims 4: Modern Menswear Kit",2021-12-02,,,,DLC / Expansion,,,,,,,,,,,,,,,,,,,,,,,,,,,,,,,,,,,,,2024-08-30T19:46:53.000Z,2026-08-19T09:45:16.000Z
181637,"The Sims 4: Blooming Rooms Kit",2021-11-09,,,,DLC / Expansion,,,,,,,,,,,,,,,,,,,,,,,,,,,,,,,,,,,,,2024-08-30T19:46:53.000Z,2026-08-19T09:45:16.000Z
178213,"The Sims 4: Fashion Street Kit",2021-10-05,,,,DLC / Expansion,,,,,,,,,,,,,,,,,,,,,,,,,,,,,,,,,,,,,2024-08-30T19:46:53.000Z,2026-08-19T09:45:16.000Z
178212,"The Sims 4: Incheon Arrivals Kit",2021-10-05,,,,DLC / Expansion,,,,,,,,,,,,,,,,,,,,,,,,,,,,,,,,,,,,,2024-08-30T19:46:53.000Z,2026-08-19T09:45:16.000Z
165538,"The Sims 4: Industrial Loft Kit",2021-08-25,,,,DLC / Expansion,,,,,,,,,,,,,,,,,,,,,,,,,,,,,,,,,,,,,2024-08-30T19:46:53.000Z,2026-08-19T09:45:16.000Z
148049,"The Sims 4: Courtyard Oasis Kit",2021-05-18,,,,DLC / Expansion,,,,,,,,,,,,,,,,,,,,,,,,,,,,,,,,,,,,,2024-08-30T19:46:53.000Z,2026-08-19T09:45:16.000Z
158965,"The Sims 4: Throwback Fit Kit",2021-03-02,,,,DLC / Expansion,,,,,,,,,,,,,,,,,,,,,,,,,,,,,,,,,,,,,2024-08-30T19:46:53.000Z,2026-08-19T09:45:16.000Z
151112,"The Sims 4: Bust the Dust Kit",2021-03-02,,,,DLC / Expansion,,,,,,,,,,,,,,,,,,,,,,,,,,,,,,,,,,,,,2024-08-30T19:46:53.000Z,2026-08-19T09:45:16.000Z
148501,"The Sims 4: Country Kitchen Kit",2021-03-02,,,,DLC / Expansion,,,,,,,,,,,,,,,,,,,,,,,,,,,,,,,,,,,,,2024-08-30T19:46:53.000Z,2026-08-19T09:45:16.000Z
226898,"The Sims 4: Holiday Celebration Pack",2020-06-18,,,,DLC / Expansion,,,,,,,,,,,,,,,,,,,,,,,,,,,,,,,,,,,,,2024-08-30T19:46:53.000Z,2026-08-19T09:45:16.000Z
136182,"The Sims 4: Moschino Stuff",2019-08-13,,,,DLC / Expansion,,,,,,,,,,,,,,,,,,,,,,,,,,,,,,,,,,,,,2024-08-30T19:46:53.000Z,2026-08-19T09:45:16.000Z
121028,"The Sims 4: My First Pet Stuff",2018-03-13,,,,DLC / Expansion,,,,,,,,,,,,,,,,,,,,,,,,,,,,,,,,,,,,,2024-08-30T19:46:53.000Z,2026-08-19T09:45:16.000Z
121026,"The Sims 4: Bowling Night Stuff",2017-03-29,,,,DLC / Expansion,,,,,,,,,,,,,,,,,,,,,,,,,,,,,,,,,,,,,2024-08-30T19:46:53.000Z,2026-08-19T09:45:16.000Z
54696,"The Sims 4: Toddler Stuff",2017-08-24,,,,DLC / Expansion,,,,,,,,,,,,,,,,,,,,,,,,,,,,,,,,,,,,,2024-08-30T19:46:53.000Z,2026-08-19T09:45:16.000Z
82118,"The Sims 4: Laundry Day Stuff",2018-01-16,,,,DLC / Expansion,,,,,,,,,,,,,,,,,,,,,,,,,,,,,,,,,,,,,2024-08-30T19:46:53.000Z,2026-08-19T09:45:16.000Z
121025,"The Sims 4: Vintage Glamour Stuff",2016-12-06,,,,DLC / Expansion,,,,,,,,,,,,,,,,,,,,,,,,,,,,,,,,,,,,,2024-08-30T19:46:53.000Z,2026-08-19T09:45:16.000Z
121024,"The Sims 4: Backyard Stuff",2016-07-19,,,,DLC / Expansion,,,,,,,,,,,,,,,,,,,,,,,,,,,,,,,,,,,,,2024-08-30T19:46:53.000Z,2026-08-19T09:45:16.000Z
121023,"The Sims 4: Kids Room Stuff",2016-06-28,,,,DLC / Expansion,,,,,,,,,,,,,,,,,,,,,,,,,,,,,,,,,,,,,2024-08-30T19:46:53.000Z,2026-08-19T09:45:16.000Z
121022,"The Sims 4: Romantic Garden Stuff",2016-02-09,,,,DLC / Expansion,,,,,,,,,,,,,,,,,,,,,,,,,,,,,,,,,,,,,2024-08-30T19:46:53.000Z,2026-08-19T09:45:16.000Z
121021,"The Sims 4: Movie Hangout Stuff",2016-01-12,,,,DLC / Expansion,,,,,,,,,,,,,,,,,,,,,,,,,,,,,,,,,,,,,2024-08-30T19:46:53.000Z,2026-08-19T09:45:16.000Z
13150,"The Sims 4: Spooky Stuff",2015-09-29,,,,DLC / Expansion,,,,,,,,,,,,,,,,,,,,,,,,,,,,,,,,,,,,,2024-08-30T19:46:53.000Z,2026-08-19T09:45:16.000Z
13149,"The Sims 4: Cool Kitchen Stuff",2015-08-11,,,,DLC / Expansion,,,,,,,,,,,,,,,,,,,,,,,,,,,,,,,,,,,,,2024-08-30T19:46:53.000Z,2026-08-19T09:45:16.000Z
13145,"The Sims 4: Outdoor Retreat",2015-01-13,,,,DLC / Expansion,,Continuous,,,,,,,,,,,,,,,,,,,,,,,,,,,,,,,,,,,2024-08-30T19:46:53.000Z,2026-08-19T09:45:16.000Z
13146,"The Sims 4: Spa Day",2015-07-14,,,,DLC / Expansion,,Continuous,,,,,,,,,,,,,,,,,,,,,,,,,,,,,,,,,,,2024-08-30T19:46:53.000Z,2026-08-19T09:45:16.000Z
13143,"The Sims 4: Get to Work",2015-03-31,,,,DLC / Expansion,,Continuous,,,,,,,,,,,,,,,,,,,,,,,,,,,,,,,,,,,2024-08-30T19:46:53.000Z,2026-08-19T09:45:16.000Z
13144,"The Sims 4: Get Together",2015-12-08,,,,DLC / Expansion,,Continuous,,,,,,,,,,,,,,,,,,,,,,,,,,,,,,,,,,,2024-08-30T19:46:53.000Z,2026-08-19T09:45:16.000Z
25321,"The Sims 4: City Living",2016-11-01,,,,DLC / Expansion,,Continuous,,,,,,,,,,,,,,,,,,,,,,,,,,,,,,,,,,,2024-08-30T19:46:53.000Z,2026-08-19T09:45:16.000Z
28859,"The Sims 4: Parenthood",2017-05-30,,,,DLC / Expansion,,Continuous,,,,,,,,,,,,,,,,,,,,,,,,,,,,,,,,,,,2024-08-30T19:46:53.000Z,2026-08-19T09:45:16.000Z
121027,"The Sims 4: Fitness Stuff",2017-06-20,,,,DLC / Expansion,,Continuous,,,,,,,,,,,,,,,,,,,,,,,,,,,,,,,,,,,2024-08-30T19:46:53.000Z,2026-08-19T09:45:16.000Z
26740,"The Sims 4: Vampires",2017-01-24,,,,DLC / Expansion,,Continuous,,,,,,,,,,,,,,,,,,,,,,,,,,,,,,,,,,,2024-08-30T19:46:53.000Z,2026-08-19T09:45:16.000Z
75675,"The Sims 4: Cats & Dogs",2017-11-10,,,,DLC / Expansion,,Continuous,,,,,,,,,,,,,,,,,,,,,,,,,,,,,,,,,,,2024-08-30T19:46:53.000Z,2026-08-19T09:45:16.000Z
120981,"The Sims 4: Jungle Adventure",2018-02-27,,,,DLC / Expansion,,Continuous,,,,,,,,,,,,,,,,,,,,,,,,,,,,,,,,,,,2024-08-30T19:46:53.000Z,2026-08-19T09:45:16.000Z
102585,"The Sims 4: Seasons",2018-06-22,,,,DLC / Expansion,,Continuous,,,,,,,,,,,,,,,,,,,,,,,,,,,,,,,,,,,2024-08-30T19:46:53.000Z,2026-08-19T09:45:16.000Z
119318,"The Sims 4: Island Living",2019-06-20,,,,DLC / Expansion,,Continuous,,,,,,,,,,,,,,,,,,,,,,,,,,,,,,,,,,,2024-08-30T19:46:53.000Z,2026-08-19T09:45:16.000Z
116594,"The Sims 4: StrangerVille",2019-02-26,,,,DLC / Expansion,,Continuous,,,,,,,,,,,,,,,,,,,,,,,,,,,,,,,,,,,2024-08-30T19:46:53.000Z,2026-08-19T09:45:16.000Z
122317,"The Sims 4: Realm of Magic",2019-09-10,,,,DLC / Expansion,,Continuous,,,,,,,,,,,,,,,,,,,,,,,,,,,,,,,,,,,2024-08-30T19:46:53.000Z,2026-08-19T09:45:16.000Z
110840,"The Sims 4: Get Famous",2018-11-14,,,,DLC / Expansion,,Continuous,,,,,,,,,,,,,,,,,,,,,,,,,,,,,,,,,,,2024-08-30T19:46:53.000Z,2026-08-19T09:45:16.000Z
126182,"The Sims 4: Discover University",2019-11-15,,,,DLC / Expansion,,Not Started,,,,,,,,,,,,,,,,,,,,,,,,,,,,,,,,,,,2024-08-30T19:46:53.000Z,2026-08-19T09:45:16.000Z
139941,"The Sims 4: Nifty Knitting Stuff",2020-07-28,,,,DLC / Expansion,,Continuous,,,,,,,,,,,,,,,,,,,,,,,,,,,,,,,,,,,2024-08-30T19:46:53.000Z,2026-08-19T09:45:16.000Z
137294,"The Sims 4: Journey to Batuu",2020-09-08,,,,DLC / Expansion,,Continuous,,,,,,,,,,,,,,,,,,,,,,,,,,,,,,,,,,,2024-08-30T19:46:53.000Z,2026-08-19T09:45:16.000Z
135144,"The Sims 4: Eco Lifestyle",2020-06-05,,,,DLC / Expansion,,Continuous,,,,,,,,,,,,,,,,,,,,,,,,,,,,,,,,,,,2024-08-30T19:46:53.000Z,2026-08-19T09:45:16.000Z
129132,"The Sims 4: Tiny Living Stuff",2020-01-21,,,,DLC / Expansion,,Continuous,,,,,,,,,,,,,,,,,,,,,,,,,,,,,,,,,,,2024-08-30T19:46:53.000Z,2026-08-19T09:45:16.000Z
140439,"The Sims 4: Snowy Escape",2020-11-13,,,,DLC / Expansion,,Continuous,,,,,,,,,,,,,,,,,,,,,,,,,,,,,,,,,,,2024-08-30T19:46:53.000Z,2026-08-19T09:45:16.000Z
143026,"The Sims 4: Paranormal Stuff",2021-01-26,,,,DLC / Expansion,,Continuous,,,,,,,,,,,,,,,,,,,,,,,,,,,,,,,,,,,2024-08-30T19:46:53.000Z,2026-08-19T09:45:16.000Z
152318,"The Sims 4: Dream Home Decorator",2021-06-01,,,,DLC / Expansion,,Continuous,,,,,,,,,,,,,,,,,,,,,,,,,,,,,,,,,,,2024-08-30T19:46:53.000Z,2026-08-19T09:45:16.000Z
24373,"The Sims 4: Dine Out",2016-06-07,,,,DLC / Expansion,,Continuous,,,,,,,,,,,,,,,,,,,,,,,,,,,,,,,,,,,2024-08-30T19:46:53.000Z,2026-08-19T09:45:16.000Z
152316,"The Sims 4: Cottage Living",2021-07-22,,,,DLC / Expansion,,Continuous,,,,,,,,,,,,,,,,,,,,,,,,,,,,,,,,,,,2024-08-30T19:46:53.000Z,2026-08-19T09:45:16.000Z
191387,"The Sims 4: My Wedding Stories",2022-02-23,,,,DLC / Expansion,,Continuous,,,,,,,,,,,,,,,,,,,,,,,,,,,,,,,,,,,2024-08-30T19:46:53.000Z,2026-08-19T09:45:16.000Z
207387,"The Sims 4: High School Years",2022-07-28,,,,DLC / Expansion,,Continuous,,,,,,,,,,,,,,,,,,,,,,,,,,,,,,,,,,,2024-08-30T19:46:53.000Z,2026-08-19T09:45:16.000Z
239385,"Naruto x Boruto: Ultimate Ninja Storm Connections",2023-11-16,,,Windows PC,,Played,Continuous,Unlicensed,,,Digital,,,441,,,,,,,,No,,,,,,,,,,,,,6,6,9,4,9,5,,2024-08-30T20:01:19.000Z,2024-08-30T20:01:19.000Z
272309,"Umineko When They Cry: Episode 1 - Legend of the Golden Witch",2016-07-08,,,Windows PC,,Played,Completed,Other,,,Digital,,,0,,,,,,,,No,,,,,,,,,,,,,8,6,10,10,8,9,,2024-08-30T20:02:40.000Z,2024-08-30T20:02:40.000Z
272310,"Umineko When They Cry: Episode 2 - Turn of the Golden Witch",2016-07-08,,,Windows PC,,Played,Completed,Other,,,Digital,,,0,,,,,,,,No,,,,,,,,,,,,,9,6,10,10,8,8,,2024-08-30T20:03:04.000Z,2024-08-30T20:03:04.000Z
272311,"Umineko When They Cry: Episode 3 - Banquet of the Golden Witch",2016-07-08,,,Windows PC,,Played,Completed,Other,,,Digital,,,,,,,,,,,No,,,,,,,,,,,,,9,6,10,10,8,8,,2024-08-30T20:03:21.000Z,2024-12-19T10:36:39.000Z
272313,"Umineko When They Cry: Episode 5 - End of the Golden Witch",2017-11-17,,,Windows PC,,Played,Completed,Other,,,Digital,,,0,,,,,,,,No,,,,,,,,,,,,,9,6,10,10,8,8,,2024-08-30T20:03:56.000Z,2024-08-30T20:03:56.000Z
272314,"Umineko When They Cry: Episode 6 - Dawn of the Golden Witch",2017-11-17,,,Windows PC,,Played,Completed,Other,,,Digital,,,0,,,,,,,,No,,,,,,,,,,,,,9,6,10,10,8,8,,2024-08-30T20:04:26.000Z,2024-08-30T20:04:26.000Z
272316,"Umineko When They Cry: Episode 7 - Requiem of the Golden Witch",2017-11-17,,,Windows PC,,Played,Completed,Other,,,Digital,,,0,,,,,,,,No,,,,,,,,,,,,,9,6,10,10,8,8,,2024-08-30T20:04:44.000Z,2024-08-30T20:04:44.000Z
272318,"Umineko When They Cry: Episode 8 - Twilight of the Golden Witch",2017-11-17,,,Windows PC,,Playing,Unfinished,Other,,,Digital,,,0,,,,"","",,"",No,,,"",,,,,,,,,"",,,,,,,,2024-08-30T20:05:04.000Z,2025-05-12T20:18:17.000Z
272312,"Umineko When They Cry: Episode 4 - Alliance of the Golden Witch",2016-07-08,,,Windows PC,,Played,Completed,Other,,,Digital,,,0,,,,,,,,No,,,,,,,,,,,,,9,6,10,10,8,8,,2024-08-30T20:06:04.000Z,2024-08-30T20:06:04.000Z
144024,"Final Fantasy VII Remake Intergrade",2021-06-10,,,Windows PC,,Played,Beaten,Unlicensed,,,Digital,,,2160,,,,"","",,"",No,,,"",,,,,,,,,"",8,8,10,9,9,7,Played on Steam Deck,2024-08-30T20:55:08.000Z,2026-07-16T18:00:59.000Z
144037,"Final Fantasy VII Remake: Episode Intermission",2021-06-10,,,,DLC / Expansion,,Completed,,,,,,,,,,,,,,,,,,,,,,,,,,,,,,,,,,,2024-08-30T20:55:08.000Z,2026-07-16T18:00:59.000Z
11642,"Geometry Dash",2013-08-12,,,Windows PC,,Played,Continuous,Owned,,,Digital,Steam,,143,,,,,,,,,,,,,,,,,,,,,7,7,10,,6,7,,2024-08-31T11:31:44.000Z,2026-09-06T23:15:35.000Z
134597,"Astro's Playroom",2020-11-12,,,PlayStation 5,,Played,Continuous,Owned,,,Digital,PSN,,0,,,,,,,,No,,,,,,,,,,,,,8,8,8,6,8,8,,2024-09-06T08:52:32.000Z,2024-09-06T08:52:32.000Z
5495,"Asura's Wrath",2012-02-21,,,PlayStation 3,,Played,Completed,Formerly Owned,,,Digital,PSN,,0,,,,"","",,"",No,,,"",,,,,,,,,"",8,6,6,7,9,6,,2024-09-06T09:19:15.000Z,2025-09-12T13:01:29.000Z
217920,"Asura's Wrath Episode 11.5",2012-03-28,,,,DLC / Expansion,,Completed,,,,,,,,,,,,,,,,,,,,,,,,,,,,,,,,,,,2024-09-06T09:19:15.000Z,2025-09-12T13:01:29.000Z
217921,"Asura's Wrath Episode 15.5",2012-04-03,,,,DLC / Expansion,,Completed,,,,,,,,,,,,,,,,,,,,,,,,,,,,,,,,,,,2024-09-06T09:19:15.000Z,2025-09-12T13:01:29.000Z
157312,"Asura's Wrath: Part IV Nirvana",2012-04-24,,,,DLC / Expansion,,Completed,,,,,,,,,,,,,,,,,,,,,,,,,,,,,,,,,,,2024-09-06T09:19:15.000Z,2025-09-12T13:01:29.000Z
182447,"Asura's Wrath: Lost Episode 1",2012-05-08,,,,DLC / Expansion,,Completed,,,,,,,,,,,,,,,,,,,,,,,,,,,,,,,,,,,2024-09-06T09:19:15.000Z,2025-09-12T13:01:29.000Z
182448,"Asura's Wrath: Lost Episode 2",2012-05-15,,,,DLC / Expansion,,Completed,,,,,,,,,,,,,,,,,,,,,,,,,,,,,,,,,,,2024-09-06T09:19:15.000Z,2025-09-12T13:01:29.000Z
77175,"Street Fighter 30th Anniversary Collection",2018-05-29,,,Windows PC,,Played,Unfinished,Unlicensed,,,Digital,,,0,,,,"","",,"",No,,,"",,2024-05-22,,,,,,0,"",,,,,,,Played on Steam Deck,2024-09-06T11:16:26.000Z,2025-10-06T02:06:25.000Z
3186,"Street Fighter II",1991-02-01,,,,Bundled Game,,Not Started,,,,,,,,,,,,,,,,,,,,,,,,,,,,,,,,,,,2024-09-06T11:16:26.000Z,2025-10-06T02:06:25.000Z
4238,"Super Street Fighter II Turbo",1994-03-23,,,,Bundled Game,,Dropped,,,,,,,,,,,,,,,,,,,,,,,,,,,,,,,,,,,2024-09-06T11:16:26.000Z,2025-10-06T02:06:25.000Z
6702,"Street Fighter Alpha: Warriors' Dreams",1995-06-05,,,,Bundled Game,,Not Started,,,,,,,,,,,,,,,,,,,,,,,,,,,,,,,,,,,2024-09-06T11:16:26.000Z,2025-10-06T02:06:25.000Z
6703,"Street Fighter Alpha 2",1996-02-27,,,,Bundled Game,,Not Started,,,,,,,,,,,,,,,,,,,,,,,,,,,,,,,,,,,2024-09-06T11:16:26.000Z,2025-10-06T02:06:25.000Z
6704,"Street Fighter Alpha 3",1998-06-29,,,,Bundled Game,,Continuous,,,,,,,,,,,,,,,,,,,,,,,,,,,,,,,,,,,2024-09-06T11:16:26.000Z,2025-10-06T02:06:25.000Z
6708,"Street Fighter III: New Generation",1997-02-28,,,,Bundled Game,,Not Started,,,,,,,,,,,,,,,,,,,,,,,,,,,,,,,,,,,2024-09-06T11:16:26.000Z,2025-10-06T02:06:25.000Z
6709,"Street Fighter III 2nd Impact: Giant Attack",1997-10-18,,,,Bundled Game,,Not Started,,,,,,,,,,,,,,,,,,,,,,,,,,,,,,,,,,,2024-09-06T11:16:26.000Z,2025-10-06T02:06:25.000Z
6710,"Street Fighter III: 3rd Strike",1999-05-12,,,,Bundled Game,,Dropped,,,,,,,,,,,,,,,,,,,,,,,,,,,,9,9,10,6,9,9,,2024-09-06T11:16:26.000Z,2025-10-06T02:06:25.000Z
6930,"Street Fighter",1987-08-30,,,,Bundled Game,,Not Started,,,,,,,,,,,,,,,,,,,,,,,,,,,,,,,,,,,2024-09-06T11:16:26.000Z,2025-10-06T02:06:25.000Z
12860,"Super Street Fighter II: The New Challengers",1993-09-10,,,,Bundled Game,,Not Started,,,,,,,,,,,,,,,,,,,,,,,,,,,,,,,,,,,2024-09-06T11:16:26.000Z,2025-10-06T02:06:25.000Z
20878,"Street Fighter II' Turbo: Hyper Fighting",1992-12-10,,,,Bundled Game,,Not Started,,,,,,,,,,,,,,,,,,,,,,,,,,,,,,,,,,,2024-09-06T11:16:26.000Z,2025-10-06T02:06:25.000Z
39496,"Street Fighter II: Champion Edition",1992-03-18,,,,Bundled Game,,Dropped,,,,,,,,,,,,,,,,,,,,,,,,,,,,,,,,,,,2024-09-06T11:16:26.000Z,2025-10-06T02:06:25.000Z
122238,"Xenoblade Chronicles: Definitive Edition",2020-05-29,,,Nintendo Switch,,Played,Unfinished,Unlicensed,,,Digital,,,0,,,,"","",,"",No,,,"",,,,,,,,,"",,,,,,,Played on Steam Deck,2024-09-06T11:25:32.000Z,2025-10-06T02:06:42.000Z
134328,"Xenoblade Chronicles: Future Connected",2020-05-29,,,,DLC / Expansion,,Not Started,,,,,,,,,,,,,,,,,,,,,,,,,,,,,,,,,,,2024-09-06T11:25:32.000Z,2025-10-06T02:06:42.000Z
549,"God of War",2005-03-22,,,PlayStation 2,,Played,Beaten,Unlicensed,,,Digital,Retro Achievement,,998,,2026-04-22,day,"Playing on Steam Deck

(Added RetroAchievements in middle of playthrough, so many missing achievements)","",,"",No,,,"",,,,,,,,0,"",8,8,9,7,8,8,,2024-09-14T13:00:34.000Z,2026-04-22T09:43:32.000Z
205201,"Crisis Core: Final Fantasy VII - Reunion",2022-12-13,,,Windows PC,,Played,Beaten,Owned,Purchase,,Digital,Steam,,1894,,2025-04-21,day,"","",,"",No,,,"",1999,2024-09-16,"Steam Store",,,,,,"",7,5,8,8,7,9,Played on Steam Deck,2024-09-17T09:10:56.000Z,2025-10-06T02:07:09.000Z
28168,"Code Vein",2019-09-26,119896,"Code Vein: Deluxe Edition",Windows PC,,Unplayed,Not Started,Owned,Purchase,,Digital,Steam,,0,,,,"","",,"",,,,"",749,2024-09-17,"Gamesplanet",,,,,,"",,,,,,,,2024-09-18T09:33:28.000Z,2026-08-19T09:47:07.000Z
14144,"Final Fantasy X/X-2 HD Remaster",2013-12-26,,,Windows PC,,Unplayed,Not Started,Owned,Purchase,,Digital,Steam,,10,,,,"","",,"",,,,"",800,2024-09-19,"Green Man Gaming",,,,,,"",,,,,,,,2024-09-20T15:05:35.000Z,2026-08-19T09:48:33.000Z
21880,"Final Fantasy X-2 HD Remaster",2013-12-26,,,,Bundled Game,,Not Started,,,,,,,,,,,,,,,,,,,,,,,,,,,,,,,,,,,2024-09-20T15:05:35.000Z,2026-08-19T09:48:33.000Z
21899,"Final Fantasy X HD Remaster",2013-12-26,,,,Bundled Game,,Not Started,,,,,,,,,,,,,,,,,,,,,,,,,,,,,,,,,,,2024-09-20T15:05:35.000Z,2026-08-19T09:48:33.000Z
37134,".Hack//G.U. Last Recode",2017-11-03,,,Windows PC,,Unplayed,Not Started,Owned,Purchase,,Digital,Steam,,0,,,,"","",,"",,,,"",399,2024-09-23,"Steam Store",,,,,,"",,,,,,,,2024-09-25T08:37:00.000Z,2026-08-19T09:02:32.000Z
140841,".Hack//G.U. Vol. 4: Reconnection",2017-11-03,,,,Bundled Game,,Not Started,,,,,,,,,,,,,,,,,,,,,,,,,,,,,,,,,,,2024-09-25T08:37:00.000Z,2026-08-19T09:02:32.000Z
182460,".Hack//G.U. Vol. 1: Rebirth HD",2017-11-01,,,,Bundled Game,,Not Started,,,,,,,,,,,,,,,,,,,,,,,,,,,,,,,,,,,2024-09-25T08:37:00.000Z,2026-08-19T09:02:32.000Z
182461,".Hack//G.U. Vol. 3: Redemption HD",2017-11-01,,,,Bundled Game,,Not Started,,,,,,,,,,,,,,,,,,,,,,,,,,,,,,,,,,,2024-09-25T08:37:00.000Z,2026-08-19T09:02:32.000Z
182462,".Hack//G.U. Vol. 2: Reminisce HD",2017-11-01,,,,Bundled Game,,Not Started,,,,,,,,,,,,,,,,,,,,,,,,,,,,,,,,,,,2024-09-25T08:37:00.000Z,2026-08-19T09:02:32.000Z
1236,"Tekken 6",2009-10-27,,,PlayStation 3,,Played,Continuous,Unlicensed,,,Digital,,,465,,,,"Playing on Steam Deck","",,"",No,,,"",,,,,,,,,"",7,9,10,5,7,9,Played on Steam Deck,2024-09-27T22:23:35.000Z,2026-08-29T21:46:47.000Z
1236,"Tekken 6",2009-10-27,,,PlayStation 3,,Played,Beaten,Formerly Owned,,,Physical,,,0,,2010-01-01,year,"","",,"",No,,,"",,,,,,,,,"",7,9,10,5,7,9,,2024-09-27T22:23:35.000Z,2026-02-07T02:46:59.000Z
113104,"The King of Fighters XV",2022-02-16,172556,"The King of Fighters XV: Deluxe Edition",Windows PC,,Played,Continuous,Unlicensed,,,Digital,,,0,,,,"","",,"",No,,,"",,,,,,,,,"",7,9,6,5,7,7,Played on Steam Deck,2024-09-29T20:11:47.000Z,2025-10-06T02:05:07.000Z
260881,"The King of Fighters XV: Character - Najd",2023-08-08,,,,DLC / Expansion,,,,,,,,,,,,,,,,,,,,,,,,,,,,,,,,,,,,,2024-09-29T20:11:47.000Z,2025-10-06T02:05:07.000Z
266344,"King of Fighters XV: Characters - Duo Lon",2023-09-12,,,,DLC / Expansion,,,,,,,,,,,,,,,,,,,,,,,,,,,,,,,,,,,,,2024-09-29T20:11:47.000Z,2025-10-06T02:05:07.000Z
219886,"The King of Fighters XV: Team Samurai",2022-10-04,,,,DLC / Expansion,,Continuous,,,,,,,,,,,,,,,,,,,,,,,,,,,,,,,,,,,2024-09-29T20:11:47.000Z,2025-10-06T02:05:07.000Z
231703,"The King of Fighters XV: Character - Shingo Yabuki",2023-01-17,,,,DLC / Expansion,,Continuous,,,,,,,,,,,,,,,,,,,,,,,,,,,,,,,,,,,2024-09-29T20:11:47.000Z,2025-10-06T02:05:07.000Z
249759,"The King of Fighters XV: Character "Sylvie Paula Paula"",2023-05-16,,,,DLC / Expansion,,Continuous,,,,,,,,,,,,,,,,,,,,,,,,,,,,,,,,,,,2024-09-29T20:11:47.000Z,2025-10-06T02:05:07.000Z
195801,"The King of Fighters XV: Team Garou",2022-02-16,,,,DLC / Expansion,,Continuous,,,,,,,,,,,,,,,,,,,,,,,,,,,,,,,,,,,2024-09-29T20:11:47.000Z,2025-10-06T02:05:07.000Z
276643,"The King Of Fighters XV: Character - Hinako Shijo",2023-11-14,,,,DLC / Expansion,,Continuous,,,,,,,,,,,,,,,,,,,,,,,,,,,,,,,,,,,2024-09-29T20:11:47.000Z,2025-10-06T02:05:07.000Z
201736,"The King of Fighters XV: Characters Team South Town",2022-05-17,,,,DLC / Expansion,,Continuous,,,,,,,,,,,,,,,,,,,,,,,,,,,,,,,,,,,2024-09-29T20:11:47.000Z,2025-10-06T02:05:07.000Z
212988,"The King of Fighter XV: Characters - Team Awakened Orochi",2022-08-08,,,,DLC / Expansion,,Continuous,,,,,,,,,,,,,,,,,,,,,,,,,,,,,,,,,,,2024-09-29T20:11:47.000Z,2025-10-06T02:05:07.000Z
317839,"The King of Fighters XV: Characters Mature & Vice",2024-12-12,,,,DLC / Expansion,,Continuous,,,,,,,,,,,,,,,,,,,,,,,,,,,,,,,,,,,2024-09-29T20:11:47.000Z,2025-10-06T02:05:07.000Z
1079,"Super Mario 3D Land",2011-11-03,,,Nintendo 3DS,,Played,Beaten,Formerly Owned,,,Digital,,,0,,2014-01-01,year,,,,,No,,,,,,,,,,,,,7,8,7,5,7,8,,2024-10-04T15:19:41.000Z,2024-10-04T15:19:41.000Z
279634,"Dragon Ball: Sparking! Zero",2024-10-11,307191,"Dragon Ball: Sparking! Zero - Ultimate Edition",Windows PC,,Played,Continuous,Owned,Purchase,,Digital,Steam,,1626,,,,"","",,"",,,,"",7556,2024-10-03,"GamersGate",,,,,,"",7,7,6,5,8,7,,2024-10-08T14:33:59.000Z,2025-06-28T19:14:53.000Z
7346,"The Legend of Zelda: Breath of the Wild",2017-03-03,,,Nintendo Switch,,Played,Unfinished,Borrowed,,,Physical,,,1825,,,,"","",,"",No,,,"",,,,,,,,,"",,,,,,,,2024-10-27T21:57:51.000Z,2026-03-06T23:57:12.000Z
36926,"Monster Hunter: World",2018-01-26,,,Windows PC,,Unplayed,Not Started,Owned,Purchase,,Digital,Steam,,0,,,,"","",,"",,,,"",669,2024-11-27,"GamersGate",,,,,,"",,,,,,,,2024-11-28T17:48:46.000Z,2025-06-28T19:15:31.000Z
21610,"Phoenix Wright: Ace Attorney Trilogy",2014-04-17,,,Windows PC,,Unplayed,Not Started,Owned,Purchase,,Digital,Steam,,1,,,,"","",,"",,,,"",539,2024-11-28,"CDKeys",,,,,,"",,,,,,,,2024-12-01T08:07:23.000Z,2026-08-19T09:50:20.000Z
221285,"Phoenix Wright: Ace Attorney",2013-05-30,,,,Bundled Game,,Not Started,,,,,,,,,,,,,,,,,,,,,,,,,,,,,,,,,,,2024-12-01T08:07:23.000Z,2026-08-19T09:50:20.000Z
221286,"Phoenix Wright: Ace Attorney - Justice For All",2013-05-30,,,,Bundled Game,,Not Started,,,,,,,,,,,,,,,,,,,,,,,,,,,,,,,,,,,2024-12-01T08:07:23.000Z,2026-08-19T09:50:20.000Z
221287,"Phoenix Wright: Ace Attorney - Trials and Tribulations",2013-05-30,,,,Bundled Game,,Not Started,,,,,,,,,,,,,,,,,,,,,,,,,,,,,,,,,,,2024-12-01T08:07:23.000Z,2026-08-19T09:50:20.000Z
306148,"Super Mario Party Jamboree",2024-10-17,,,Nintendo Switch,,Played,Continuous,Unlicensed,,,Digital,,,0,,,,"","",,"",No,,,"",,,,,,,,,"",8,8,9,,8,8,Played on Steam Deck,2024-12-01T08:12:56.000Z,2025-10-06T02:04:15.000Z
294041,"Marvel Rivals",2024-12-06,,,Windows PC,,Playing,Continuous,Owned,Free-to-play,,Digital,Steam,,21020,,,,"https://tracker.gg/marvel-rivals/profile/ign/Meiloorun_/overview","",,"",No,,,"",,2024-12-06,"Steam Store",178,,,,,"",9,9,6,6,10,8,,2024-12-04T09:24:48.000Z,2026-10-02T23:18:12.000Z
201156,"Star Wars Jedi: Survivor",2023-04-28,,,Windows PC,,Unplayed,Not Started,Owned,Purchase,,Digital,Steam,,0,,,,"","",,"",,,,"",1499,2024-12-04,"Steam Store",,,,,,"",,,,,,,,2024-12-05T15:47:14.000Z,2026-08-19T09:03:31.000Z
9602,"Super Smash Bros. for Wii U",2014-11-21,,,Wii U,,Played,Continuous,Owned,,,Physical,,,0,,,,,,,,,,,,,,,,,,,,,7,7,9,5,8,6,,2024-12-12T15:31:27.000Z,2024-12-12T15:31:27.000Z
20744,"Ōkami HD",2012-10-30,,,Windows PC,,Unplayed,Not Started,Owned,Purchase,,Digital,Steam,,0,,,,"","",,"",,,,"",374,2024-12-13,"Steam Store",,,,,,"",,,,,,,,2024-12-15T13:23:21.000Z,2026-08-19T09:04:17.000Z
288324,"Pokémon Trading Card Game Pocket",2024-10-27,,,Android,,Played,Continuous,Owned,,,Digital,Google Play,,0,,,,"","",,"",No,,,"",,2024-11-04,,,,,,,"",8,7,6,,9,7,,2024-12-17T20:14:02.000Z,2025-06-28T14:15:11.000Z
121,"Minecraft: Java Edition",2011-11-18,,,Windows PC,,Played,Continuous,Owned,,,Digital,Xbox,,12208,,,,"","",,"",No,,,"",,2012-08-10,,,,,,,"",8,8,7,,6,9,Played on Steam Deck,2024-12-20T14:42:58.000Z,2026-03-10T23:03:41.000Z
119390,"Ni no Kuni: Wrath of the White Witch Remastered",2019-09-20,,,Windows PC,,Unplayed,Not Started,Owned,Purchase,,Digital,Steam,,0,,,,"","",,"",,,,"",599,2024-12-31,"Steam Store",,,,,,"",,,,,,,,2025-01-02T10:17:30.000Z,2026-08-19T09:05:08.000Z
133236,"Final Fantasy VII Rebirth",2024-02-29,,,Windows PC,,Played,Beaten,Owned,Purchase,,Digital,Steam,,4991,,2025-11-04,day,"","",,"",No,,,"",3299,2024-12-19,"CDKeys",,,,,,"",8,10,10,7,9,9,Played on Steam Deck,2025-01-24T11:00:25.000Z,2025-11-05T00:42:20.000Z
1626,"Super Smash Bros.",1999-01-21,,,Nintendo 64,,Played,Continuous,Unlicensed,,,Digital,,,0,,,,"Played on Android",,,,No,,,,,,,,,,,,,7,8,7,,7,7,,2025-02-20T17:52:18.000Z,2025-02-20T17:52:18.000Z
134014,"The Legend of Zelda: Twilight Princess",2006-11-19,,,Wii,,Played,Beaten,Formerly Owned,Gift,,Physical,,,0,,,,,,"false",,No,,Europe (PAL),,,,,,,,,,,8,8,8,8,8,8,,2025-03-07T16:39:09.000Z,2025-03-07T16:39:09.000Z
2184,"Kirby's Epic Yarn",2010-10-14,,,Wii,,Played,Unfinished,Formerly Owned,Gift,,Physical,,,0,,,,,,"false",,No,,Europe (PAL),,,,,,,,,,,,,,,,,,2025-03-12T12:48:39.000Z,2025-03-12T12:48:39.000Z
1509,"Epic Mickey",2010-11-25,,,Wii,,Played,Beaten,Formerly Owned,Purchase,New,Physical,,,0,,,,,,"false",,No,Complete in Box,Europe (PAL),,,,,,,,,,,8,7,8,7,8,8,,2025-03-12T12:49:40.000Z,2025-03-12T12:49:40.000Z
206320,"Chrono Trigger",2018-02-27,,,Windows PC,,Unplayed,Not Started,Owned,Purchase,,Digital,Steam,,0,,,,"","",,"",,,,"",299,2025-03-19,"Steam Store",,,,,,"",,,,,,,,2025-03-24T16:12:17.000Z,2026-08-19T09:08:27.000Z
11397,"Yakuza 0",2015-03-12,,,Windows PC,,Unplayed,Not Started,Owned,Purchase,,Digital,Steam,,0,,,,"","",,"",,,,"",879,2025-03-19,"Steam Store",,,,,,"",,,,,,,,2025-03-24T16:12:17.000Z,2026-08-19T09:06:44.000Z
2113,"Star Wars Battlefront",2015-11-17,,,Windows PC,,Played,Continuous,Owned,Purchase,,Digital,EA,,15682,,,,"","",,"",,,Europe (PAL),"",,,"Origin",,,,,,"",7,6,10,,10,6,,2025-03-27T10:39:55.000Z,2026-08-19T10:19:01.000Z
23293,"Star Wars Battlefront: Battle of Jakku",2015-12-08,,,,DLC / Expansion,,Continuous,,,,,,,,,,,,,,,,,,,,,,,,,,,,,,,,,,,2025-03-27T10:39:55.000Z,2026-08-19T10:19:01.000Z
18161,"Star Wars Battlefront: Outer Rim",2016-03-22,,,,DLC / Expansion,,Continuous,,,,,,,,,,,,,,,,,,,,,,,,,,,,,,,,,,,2025-03-27T10:39:55.000Z,2026-08-19T10:19:01.000Z
19869,"Star Wars Battlefront: Bespin",2016-07-04,,,,DLC / Expansion,,Continuous,,,,,,,,,,,,,,,,,,,,,,,,,,,,,,,,,,,2025-03-27T10:39:55.000Z,2026-08-19T10:19:01.000Z
20470,"Star Wars Battlefront: Death Star",2016-09-20,,,,DLC / Expansion,,Continuous,,,,,,,,,,,,,,,,,,,,,,,,,,,,,,,,,,,2025-03-27T10:39:55.000Z,2026-08-19T10:19:01.000Z
26201,"Star Wars Battlefront: Rogue One - Scarif",2016-12-06,,,,DLC / Expansion,,Continuous,,,,,,,,,,,,,,,,,,,,,,,,,,,,,,,,,,,2025-03-27T10:39:55.000Z,2026-08-19T10:19:01.000Z
52879,"Star Wars Battlefront: Rogue One - X-Wing VR Mission",2016-12-06,,,,DLC / Expansion,,Completed,,,,,,,,,,,,,,,,,,,,,,,,,,,,,,,,,,,2025-03-27T10:39:55.000Z,2026-08-19T10:19:01.000Z
1979,"Battlefield 4",2013-10-29,,,Windows PC,,Played,Continuous,Owned,Purchase,,Digital,EA,,337,,,,"",,,,,,Europe (PAL),,,,"EA Store",,,,,,,9,9,8,6,7,7,,2025-03-27T10:56:08.000Z,2025-03-27T10:56:08.000Z
129561,"Pokémon Revolution Online",2015-08-15,,,Windows PC,,Played,Unfinished,Owned,Free-to-play,,Digital,,,0,,,,"","",,"",,,Europe (PAL),"",,,,,,,,,"",,,,,,,,2025-04-21T03:28:41.000Z,2025-09-19T02:09:56.000Z
107262,"Streets of Rage 4",2020-04-30,,,PlayStation 4,,Played,Unfinished,Owned,,,Digital,PSN,,,,,,"","",,"",,,,"",,,,,,,,,"",,,,,,,,2025-04-27T10:38:45.000Z,2025-04-27T10:41:35.000Z
305152,"Clair Obscur: Expedition 33",2025-04-24,,,Windows PC,,Played,Beaten,Owned,Purchase,,Digital,Steam,,4158,,2025-06-27,day,"","",,"",,,,"",3779,2025-04-30,"Steam Store",,,,,,"",10,10,10,10,9,9,Played on Steam Deck,2025-04-30T07:56:34.000Z,2025-10-06T02:06:57.000Z
1011,"Borderlands 2",2012-09-18,,,Windows PC,,Unplayed,Not Started,Owned,Free,,Digital,Steam,,0,,,,"","",,"",,,,"",,2025-06-06,"Steam Store",,,,,,"Free Promotional Package - Jun 2025",7,8,6,6,8,7,,2025-06-08T14:51:03.000Z,2026-08-19T09:52:00.000Z
125174,"Overwatch",2023-08-10,,,Windows PC,,Played,Continuous,Owned,Purchase,,Digital,Battle.net,,7521,,,,"https://tracker.gg/overwatch/profile/battlenet/Gr8ness%232418/overview?mode=quickPlay&platform=mouseKeyboard","",,"",,,,"",2999,2016-08-21,"Battle.net Store",,,,,,"",7,8,5,4,7,6,,2025-06-09T16:59:51.000Z,2026-08-19T09:36:39.000Z
27316,"A Plague Tale: Innocence",2019-05-14,,,Windows PC,,Unplayed,Not Started,Owned,Free,,Digital,Epic Games,,0,,,,"",,,,,,Europe (PAL),,,2021-08-12,"Epic Games Store",,,,,,,,,,,,,,2025-06-27T14:26:23.000Z,2025-06-27T14:26:23.000Z
7621,"RiME",2017-05-26,,,Windows PC,,Unplayed,Not Started,Owned,Free,,Digital,Epic Games,,0,,,,"",,,,,,Europe (PAL),,,2019-05-06,"Epic Games Store",,,,,,,,,,,,,,2025-06-27T14:28:16.000Z,2025-06-27T14:28:16.000Z
1020,"Grand Theft Auto V",2013-09-17,134221,"Grand Theft Auto V: Premium Edition",Windows PC,,Unplayed,Not Started,Owned,Free,,Digital,Epic Games,,0,,,,"",,,,,,Europe (PAL),,,2020-05-15,"Epic Games Store",,,,,,,,,,,,,,2025-06-27T14:29:16.000Z,2025-06-27T14:29:16.000Z
18433,"Overcooked!",2016-08-03,,,Windows PC,,Unplayed,Not Started,Owned,Free,,Digital,Epic Games,,0,,,,"",,,,,,Europe (PAL),,,2020-06-06,"Epic Games Store",,,,,,,,,,,,,,2025-06-27T14:31:57.000Z,2025-06-27T14:31:57.000Z
10239,"Ark: Survival Evolved",2017-08-27,,,Windows PC,,Unplayed,Not Started,Owned,Free,,Digital,Epic Games,,0,,,,"",,,,,,Europe (PAL),,,2020-06-12,"Epic Games Store",,,,,,,,,,,,,,2025-06-27T14:32:49.000Z,2025-06-27T14:32:49.000Z
18927,"Hue",2016-08-30,,,Windows PC,,Unplayed,Not Started,Owned,Free,,Digital,Epic Games,,0,,,,"",,,,,,Europe (PAL),,,2020-07-03,"Epic Games Store",,,,,,,,,,,,,,2025-06-27T14:33:39.000Z,2025-06-27T14:33:39.000Z
19441,"Watch Dogs 2",2016-11-15,,,Windows PC,,Unplayed,Not Started,Owned,Free,,Digital,Epic Games,,0,,,,"",,,,,,Europe (PAL),,,2020-09-23,"Epic Games Store",,,,,,,,,,,,,,2025-06-27T14:35:45.000Z,2025-06-27T14:35:45.000Z
6581,"Stick it to the Man!",2013-11-19,,,Windows PC,,Unplayed,Not Started,Owned,Free,,Digital,Epic Games,,0,,,,"",,,,,,Europe (PAL),,,2020-09-23,"Epic Games Store",,,,,,,,,,,,,,2025-06-27T14:37:16.000Z,2025-06-27T14:37:16.000Z
55190,"Pikuniku",2019-01-24,,,Windows PC,,Unplayed,Not Started,Owned,Free,,Digital,Epic Games,,0,,,,"",,,,,,Europe (PAL),,,2020-10-04,"Epic Games Store",,,,,,,,,,,,,,2025-06-27T14:48:36.000Z,2025-06-27T14:48:36.000Z
7352,"Abzu",2016-08-02,,,Windows PC,,Played,Completed,Owned,Free,,Digital,Epic Games,,240,1,,,"","",,"",,,Europe (PAL),"",,2020-10-09,"Epic Games Store",,,,,,"",8,6,7,6,9,9,,2025-06-27T14:55:39.000Z,2025-06-27T14:56:18.000Z
7352,"Abzu",2016-08-02,,,Windows PC,,Played,Dropped,Formerly Owned,Free,,Digital,Discord,,0,,,,"","","false","",No,,Europe (PAL),,,,"Discord",,,,,,,8,6,7,6,9,9,,2025-06-27T14:56:18.000Z,2025-06-27T14:56:18.000Z
18166,"Rising Storm 2: Vietnam",2017-05-30,,,Windows PC,,Unplayed,Not Started,Owned,Free,,Digital,Epic Games,,0,,,,"",,,,,,Europe (PAL),,,2020-10-09,"Epic Games Store",,,,,,,,,,,,,,2025-06-27T14:57:38.000Z,2025-06-27T14:57:38.000Z
90107,"Layers of Fear 2",2019-05-28,,,Windows PC,,Unplayed,Not Started,Owned,Free,,Digital,Epic Games,,0,,,,"",,,,,,Europe (PAL),,,2020-10-23,"Epic Games Store",,,,,,,,,,,,,,2025-06-27T14:59:09.000Z,2025-06-27T14:59:09.000Z
5552,"Oddworld: New 'n' Tasty",2014-07-22,,,Windows PC,,Unplayed,Not Started,Owned,Free,,Digital,Epic Games,,0,,,,"",,,,,,Europe (PAL),,,2020-12-18,"Epic Games Store",,,,,,,,,,,,,,2025-06-27T15:00:41.000Z,2025-06-27T15:00:41.000Z
8347,"The Long Dark",2017-08-01,,,Windows PC,,Unplayed,Not Started,Owned,Free,,Digital,Epic Games,,0,,,,"",,,,,,Europe (PAL),,,2020-06-19,"Epic Games Store",,,,,,,,,,,,,,2025-06-27T15:09:53.000Z,2025-06-27T15:09:53.000Z
4754,"Alien: Isolation",2014-10-06,,,Windows PC,,Unplayed,Not Started,Owned,Free,,Digital,Epic Games,,0,,,,"",,,,,,Europe (PAL),,,2020-12-21,"Epic Games Store",,,,,,,,,,,,,,2025-06-27T15:10:39.000Z,2025-06-27T15:10:39.000Z
80853,"Metro 2033 Redux",2014-08-26,,,Windows PC,,Unplayed,Not Started,Owned,Free,,Digital,,,0,,,,"",,,,,,Europe (PAL),,,2020-12-22,"Epic Games Store",,,,,,,,,,,,,,2025-06-27T15:11:20.000Z,2025-06-27T15:11:20.000Z
95032,"Crying Suns",2019-09-18,,,Windows PC,,Unplayed,Not Started,Owned,Free,,Digital,Epic Games,,0,,,,"",,,,,,Europe (PAL),,,2021-01-12,"Epic Games Store",,,,,,,,,,,,,,2025-06-27T15:12:00.000Z,2025-06-27T15:12:00.000Z
10345,"Galactic Civilizations III",2014-03-27,,,Windows PC,,Unplayed,Not Started,Owned,Free,,Digital,Epic Games,,0,,,,"",,,,,,Europe (PAL),,,2021-01-21,"Epic Games Store",,,,,,,,,,,,,,2025-06-27T15:12:42.000Z,2025-06-27T15:12:42.000Z
50199,"Metro: Last Light Redux",2014-08-26,,,Windows PC,,Unplayed,Not Started,Owned,Free,,Digital,Epic Games,,0,,,,"",,,,,,Europe (PAL),,,2021-02-04,"Epic Games Store",,,,,,,,,,,,,,2025-06-27T15:13:22.000Z,2025-06-27T15:13:22.000Z
20331,"For the King",2018-04-19,,,Windows PC,,Unplayed,Not Started,Owned,Free,,Digital,,,0,,,,"",,,,,,Europe (PAL),,,2021-02-04,"Epic Games Store",,,,,,,,,,,,,,2025-06-27T15:14:17.000Z,2025-06-27T15:14:17.000Z
18858,"Halcyon 6: Starbase Commander",2016-09-08,,,Windows PC,,Unplayed,Not Started,Owned,Free,,Digital,Epic Games,,,,,,"",,,,,,Europe (PAL),,,2021-02-16,"Epic Games Store",,,,,0,,,,,,,,,2025-06-27T15:15:00.000Z,2025-06-27T15:15:00.000Z
101211,"Rage 2",2019-05-13,,,Windows PC,,Unplayed,Not Started,Owned,Free,,Digital,Epic Games,,0,,,,"",,,,,,Europe (PAL),,,2021-02-23,"Epic Games Store",,,,,,,,,,,,,,2025-06-27T15:15:32.000Z,2025-06-27T15:15:32.000Z
11587,"Absolute Drift",2015-07-29,,,Windows PC,,Unplayed,Not Started,Owned,Free,,Digital,Epic Games,,0,,,,"",,,,,,Europe (PAL),,,2021-02-23,"Epic Games Store",,,,,,,,,,,,,,2025-06-27T15:16:08.000Z,2025-06-27T15:16:08.000Z
8925,"Sunless Sea",2015-02-06,,,Windows PC,,Unplayed,Not Started,Owned,Free,,Digital,Epic Games,,0,,,,"",,,,,,Europe (PAL),,,2021-02-16,"Epic Games Store",,,,,,,,,,,,,,2025-06-27T15:17:07.000Z,2025-06-27T15:17:07.000Z
20909,"The First Tree",2017-09-14,,,Windows PC,,Unplayed,Not Started,Owned,Free,,Digital,Epic Games,,0,,,,"",,,,,,Europe (PAL),,,2021-04-17,"Epic Games Store",,,,,,,,,,,,,,2025-06-27T15:17:40.000Z,2025-06-27T15:17:40.000Z
103329,"Control",2019-08-27,,,Windows PC,,Played,Unfinished,Owned,Free,,Digital,Epic Games,,107,,,,"","",,"",,,Europe (PAL),"",,2021-06-11,"Epic Games Store",,,,,,"",,,,,,,,2025-06-27T15:18:23.000Z,2025-06-27T15:20:22.000Z
8036,"Verdun",2015-04-28,,,Windows PC,,Played,Continuous,Owned,Free,,Digital,Epic Games,,24,,,,"",,,,,,Europe (PAL),,,2021-07-23,"Epic Games Store",,,,,,,7,8,7,,5,8,,2025-06-27T15:19:53.000Z,2025-06-27T15:19:53.000Z
26970,"Minit",2018-04-03,,,Windows PC,,Unplayed,Not Started,Owned,Free,,Digital,Epic Games,,0,,,,"",,,,,,Europe (PAL),,,2021-08-12,"Epic Games Store",,,,,,,,,,,,,,2025-06-27T15:21:11.000Z,2025-06-27T15:21:11.000Z
12571,"Nioh",2017-02-07,68461,"Nioh: Complete Edition",Windows PC,,Unplayed,Not Started,Owned,Free,,Digital,Epic Games,,0,,,,"","",,"",,,Europe (PAL),"",,2021-09-11,"Epic Games Store",,,,,,"",,,,,,,,2025-06-27T15:21:45.000Z,2025-12-22T20:58:24.000Z
18866,"Dead by Daylight",2016-06-14,,,Windows PC,,Unplayed,Not Started,Owned,Free,,Digital,Epic Games,,0,,,,"",,,,,,Europe (PAL),,,2021-12-04,"Epic Games Store",,,,,,,,,,,,,,2025-06-27T15:22:25.000Z,2025-06-27T15:22:25.000Z
1334,"Brothers: A Tale of Two Sons",2013-08-07,,,Windows PC,,Unplayed,Not Started,Owned,Free,,Digital,Epic Games,,0,,,,"",,,,,,Europe (PAL),,,2022-02-21,"Epic Games Store",,,,,,,,,,,,,,2025-06-27T15:23:50.000Z,2025-06-27T15:23:50.000Z
19839,"BioShock: The Collection",2016-09-13,,,Windows PC,,Unplayed,Not Started,Owned,Free,,Digital,Epic Games,,0,,,,"",,,,,,Europe (PAL),,,2022-05-28,"Epic Games Store",,,,,,,,,,,,,,2025-06-27T15:25:52.000Z,2025-06-27T15:25:52.000Z
538,"BioShock Infinite",2013-03-25,,,,Bundled Game,,Not Started,,,,,,,0,,,,,,,,,,,,,,,,,,,,,,,,,,,,2025-06-27T15:25:52.000Z,2025-06-27T15:25:52.000Z
34293,"BioShock Remastered",2016-09-14,,,,Bundled Game,,Not Started,,,,,,,0,,,,,,,,,,,,,,,,,,,,,,,,,,,,2025-06-27T15:25:52.000Z,2025-06-27T15:25:52.000Z
34294,"BioShock 2 Remastered",2016-09-14,,,,Bundled Game,,Not Started,,,,,,,0,,,,,,,,,,,,,,,,,,,,,,,,,,,,2025-06-27T15:25:52.000Z,2025-06-27T15:25:52.000Z
20115,"BioShock Infinite: Clash in the Clouds",2013-07-30,,,,DLC / Expansion,,Not Started,,,,,,,0,,,,,,,,,,,,,,,,,,,,,,,,,,,,2025-06-27T15:25:52.000Z,2025-06-27T15:25:52.000Z
78451,"BioShock 2: Minerva's Den Remastered",2016-09-15,,,,DLC / Expansion,,Not Started,,,,,,,0,,,,,,,,,,,,,,,,,,,,,,,,,,,,2025-06-27T15:25:52.000Z,2025-06-27T15:25:52.000Z
127036,"BioShock Infinite: Burial at Sea",2013-11-12,,,,DLC / Expansion,,Not Started,,,,,,,0,,,,,,,,,,,,,,,,,,,,,,,,,,,,2025-06-27T15:25:52.000Z,2025-06-27T15:25:52.000Z
13,"Fallout: A Post Nuclear Role Playing Game",1997-10-10,,,Windows PC,,Unplayed,Not Started,Owned,Free,,Digital,Epic Games,,0,,,,"",,,,,,Europe (PAL),,,2022-12-22,"Epic Games Store",,,,,,,,,,,,,,2025-06-27T15:27:05.000Z,2025-06-27T15:27:05.000Z
14,"Fallout 2",1998-10-29,,,Windows PC,,Unplayed,Not Started,Owned,Free,,Digital,Epic Games,,0,,,,"",,,,,,Europe (PAL),,,2022-12-22,"Epic Games Store",,,,,,,,,,,,,,2025-06-27T15:27:57.000Z,2025-06-27T15:27:57.000Z
17,"Fallout Tactics: Brotherhood of Steel",2001-03-15,,,Windows PC,,Unplayed,Not Started,Owned,Free,,Digital,Epic Games,,0,,,,"",,,,,,Europe (PAL),,,2022-12-22,"Epic Games Store",,,,,,,,,,,,,,2025-06-27T15:28:26.000Z,2025-06-27T15:28:26.000Z
19564,"Death Stranding",2019-11-08,,,Windows PC,,Unplayed,Not Started,Owned,Free,,Digital,Epic Games,,0,,,,"",,,,,,Europe (PAL),,,2022-12-25,"Epic Games Store",,,,,,,,,,,,,,2025-06-27T15:29:04.000Z,2025-06-27T15:29:04.000Z
20863,"Dishonored: Definitive Edition",2015-08-25,,,Windows PC,,Unplayed,Not Started,Owned,Free,,Digital,Epic Games,,0,,,,"",,,,,,Europe (PAL),,,2023-01-05,"Epic Games Store",,,,,,,,,,,,,,2025-06-27T15:29:42.000Z,2025-06-27T15:29:42.000Z
3042,"Dying Light",2015-01-26,248317,"Dying Light: Enhanced Edition",Windows PC,,Unplayed,Not Started,Owned,Free,,Digital,Epic Games,,0,,,,"",,,,,,Europe (PAL),,,2023-04-09,"Epic Games Store",,,,,,,,,,,,,,2025-06-27T15:30:44.000Z,2025-06-27T15:30:44.000Z
4786,"The Evil Within",2014-10-14,,,Windows PC,,Unplayed,Not Started,Owned,Free,,Digital,Epic Games,,0,,,,"",,,,,,Europe (PAL),,,2023-10-20,"Epic Games Store",,,,,,,,,,,,,,2025-06-27T15:31:20.000Z,2025-06-27T15:31:20.000Z
15,"Fallout 3",2008-10-28,21892,"Fallout 3: Game of the Year Edition",Windows PC,,Unplayed,Not Started,Owned,Free,,Digital,Epic Games,,0,,,,"",,,,,,Europe (PAL),,,2023-12-24,"Epic Games Store",,,,,,,,,,,,,,2025-06-27T15:32:00.000Z,2025-06-27T15:32:00.000Z
152249,"Marvel's Guardians of the Galaxy",2021-10-26,,,Windows PC,,Unplayed,Not Started,Owned,Free,,Digital,Epic Games,,0,,,,"",,,,,,Europe (PAL),,,2024-06-07,"Epic Games Store",,,,,,,,,,,,,,2025-06-27T15:32:32.000Z,2025-06-27T15:32:32.000Z
152122,"Doki Doki Literature Club Plus!",2021-06-30,,,Windows PC,,Unplayed,Not Started,Owned,Free,,Digital,Epic Games,,0,,,,"",,,,,,Europe (PAL),,,2024-02-06,"Epic Games Store",,,,,,,,,,,,,,2025-06-27T15:33:14.000Z,2025-06-27T15:33:14.000Z
142063,"DNF Duel",2022-06-28,,,Windows PC,,Unplayed,Not Started,Owned,Free,,Digital,Epic Games,,0,,,,"",,,,,,Europe (PAL),,,2024-08-10,"Epic Games Store",,,,,,,,,,,,,,2025-06-27T15:33:59.000Z,2025-06-27T15:33:59.000Z
53024,"Fallout Classic Collection",2016-11-11,,,Windows PC,,Unplayed,Not Started,Owned,Free,,Digital,Epic Games,,0,,,,"",,,,,,Europe (PAL),,,2024-09-05,"Epic Games Store",,,,,,,,,,,,,,2025-06-27T15:34:53.000Z,2025-06-27T15:34:53.000Z
13,"Fallout: A Post Nuclear Role Playing Game",1997-10-10,,,,Bundled Game,,Not Started,,,,,,,0,,,,,,,,,,,,,,,,,,,,,,,,,,,,2025-06-27T15:34:53.000Z,2025-06-27T15:34:53.000Z
14,"Fallout 2",1998-10-29,,,,Bundled Game,,Not Started,,,,,,,0,,,,,,,,,,,,,,,,,,,,,,,,,,,,2025-06-27T15:34:53.000Z,2025-06-27T15:34:53.000Z
17,"Fallout Tactics: Brotherhood of Steel",2001-03-15,,,,Bundled Game,,Not Started,,,,,,,0,,,,,,,,,,,,,,,,,,,,,,,,,,,,2025-06-27T15:34:53.000Z,2025-06-27T15:34:53.000Z
266382,"Football Manager 2024",2023-11-06,,,Windows PC,,Unplayed,Not Started,Owned,Free,,Digital,Epic Games,,0,,,,"",,,,,,Europe (PAL),,,2024-09-07,"Epic Games Store",,,,,,,,,,,,,,2025-06-27T15:35:37.000Z,2025-06-27T15:35:37.000Z
116138,"Castlevania Anniversary Collection",2019-05-16,,,Windows PC,,Unplayed,Not Started,Owned,Free,,Digital,Epic Games,,0,,,,"",,,,,,Europe (PAL),,,2024-11-20,"Epic Games Store",,,,,,,,,,,,,,2025-06-27T15:36:43.000Z,2025-06-27T15:36:43.000Z
1114,"Castlevania",1986-09-26,,,,Bundled Game,,Not Started,,,,,,,0,,,,,,,,,,,,,,,,,,,,,,,,,,,,2025-06-27T15:36:43.000Z,2025-06-27T15:36:43.000Z
1116,"Castlevania II: Simon's Quest",1987-08-28,,,,Bundled Game,,Not Started,,,,,,,0,,,,,,,,,,,,,,,,,,,,,,,,,,,,2025-06-27T15:36:43.000Z,2025-06-27T15:36:43.000Z
1118,"Castlevania: The Adventure",1989-10-27,,,,Bundled Game,,Not Started,,,,,,,0,,,,,,,,,,,,,,,,,,,,,,,,,,,,2025-06-27T15:36:43.000Z,2025-06-27T15:36:43.000Z
1119,"Castlevania III: Dracula's Curse",1990-09-01,,,,Bundled Game,,Not Started,,,,,,,0,,,,,,,,,,,,,,,,,,,,,,,,,,,,2025-06-27T15:36:43.000Z,2025-06-27T15:36:43.000Z
1120,"Kid Dracula",1990-10-19,,,,Bundled Game,,Not Started,,,,,,,0,,,,,,,,,,,,,,,,,,,,,,,,,,,,2025-06-27T15:36:43.000Z,2025-06-27T15:36:43.000Z
1123,"Castlevania II: Belmont's Revenge",1991-07-12,,,,Bundled Game,,Not Started,,,,,,,0,,,,,,,,,,,,,,,,,,,,,,,,,,,,2025-06-27T15:36:43.000Z,2025-06-27T15:36:43.000Z
1124,"Super Castlevania IV",1991-10-31,,,,Bundled Game,,Not Started,,,,,,,0,,,,,,,,,,,,,,,,,,,,,,,,,,,,2025-06-27T15:36:43.000Z,2025-06-27T15:36:43.000Z
1127,"Castlevania: Bloodlines",1994-03-17,,,,Bundled Game,,Not Started,,,,,,,0,,,,,,,,,,,,,,,,,,,,,,,,,,,,2025-06-27T15:36:43.000Z,2025-06-27T15:36:43.000Z
151162,"Akumajou Densetsu",1989-12-22,,,,Bundled Game,,Not Started,,,,,,,0,,,,,,,,,,,,,,,,,,,,,,,,,,,,2025-06-27T15:36:43.000Z,2025-06-27T15:36:43.000Z
119305,"LEGO Star Wars: The Skywalker Saga",2022-04-05,,,Windows PC,,Unplayed,Not Started,Owned,Free,,Digital,Epic Games,,0,,,,"",,,,,,Europe (PAL),,,2024-12-09,"Epic Games Store",,,,,,,,,,,,,,2025-06-27T15:37:17.000Z,2025-06-27T15:37:17.000Z
186725,"Vampire Survivors",2022-02-01,,,Windows PC,,Unplayed,Not Started,Owned,Free,,Digital,Epic Games,,0,,,,"",,,,,,Europe (PAL),,,2024-12-19,"Epic Games Store",,,,,,,,,,,,,,2025-06-27T15:37:52.000Z,2025-06-27T15:37:52.000Z
207266,"Dark and Darker",2023-08-07,,,Windows PC,,Unplayed,Not Started,Owned,Free,,Digital,Epic Games,,0,,,,"",,,,,,Europe (PAL),,,2024-12-23,"Epic Games Store",,,,,,,,,,,,,,2025-06-27T15:38:36.000Z,2025-06-27T15:38:36.000Z
144022,"Sifu",2022-02-08,,,Windows PC,,Unplayed,Not Started,Owned,Free,,Digital,Epic Games,,0,,,,"","",,"",,,Europe (PAL),"",,2024-12-31,"Epic Games Store",,,,,,"",,,,,,,,2025-06-27T15:39:14.000Z,2025-09-19T02:07:36.000Z
7329,"Dead Island 2",2023-04-21,,,Windows PC,,Unplayed,Not Started,Owned,Free,,Digital,Epic Games,,0,,,,"",,,,,,Europe (PAL),,,2025-05-17,"Epic Games Store",,,,,,,,,,,,,,2025-06-27T15:39:45.000Z,2025-06-27T15:39:45.000Z
79995,"Sable",2021-09-23,,,Windows PC,,Unplayed,Not Started,Owned,Free,,Digital,Epic Games,,0,,,,"",,,,,,Europe (PAL),,,2025-06-27,"Epic Games Store",,,,,,,,,,,,,,2025-06-27T15:40:03.000Z,2025-06-27T15:40:03.000Z
149980,"Dragon Quest III HD-2D Remake",2024-11-14,,,Windows PC,,Playing,Unfinished,Owned,Purchase,,Digital,Steam,,2647,,,,"","",,"",,,,"",3749,2025-07-05,"Steam Store",,,,,,"",,,,,,,,2025-07-06T04:36:29.000Z,2026-10-03T23:25:13.000Z
6656,"Ultra Street Fighter IV",2014-04-18,,,Windows PC,,Played,Continuous,Owned,Purchase,,Digital,Steam,,677,,,,"","",,"",,,,"",134,2025-07-07,"Instant Gaming",,,,,,"",9,10,9,6,9,9,,2025-07-08T08:00:12.000Z,2026-10-05T17:13:53.000Z
77175,"Street Fighter 30th Anniversary Collection",2018-05-29,,,Windows PC,,Played,Unfinished,Owned,Purchase,,Digital,Steam,,151,,,,"","",,"",,,Europe (PAL),"",179,2025-07-07,"CDKeys",,,,,,"",,,,,,,Played on Steam Deck,2025-07-08T08:06:22.000Z,2026-05-18T08:39:53.000Z
3186,"Street Fighter II",1991-02-01,,,,Bundled Game,,Not Started,,,,,,,0,,,,,,,,,,,,,,,,,,,,,,,,,,,,2025-07-08T08:06:22.000Z,2026-03-22T23:21:37.000Z
4238,"Super Street Fighter II Turbo",1994-03-23,,,,Bundled Game,,Not Started,,,,,,,0,,,,,,,,,,,,,,,,,,,,,,,,,,,,2025-07-08T08:06:22.000Z,2026-03-22T23:21:37.000Z
6702,"Street Fighter Alpha: Warriors' Dreams",1995-06-05,,,,Bundled Game,,Not Started,,,,,,,0,,,,,,,,,,,,,,,,,,,,,,,,,,,,2025-07-08T08:06:22.000Z,2026-03-22T23:21:37.000Z
6703,"Street Fighter Alpha 2",1996-02-27,,,,Bundled Game,,Not Started,,,,,,,0,,,,,,,,,,,,,,,,,,,,,,,,,,,,2025-07-08T08:06:22.000Z,2026-03-22T23:21:37.000Z
6704,"Street Fighter Alpha 3",1998-06-29,,,,Bundled Game,,Not Started,,,,,,,0,,,,,,,,,,,,,,,,,,,,,,,,,,,,2025-07-08T08:06:22.000Z,2026-03-22T23:21:37.000Z
6708,"Street Fighter III: New Generation",1997-02-28,,,,Bundled Game,,Not Started,,,,,,,0,,,,,,,,,,,,,,,,,,,,,,,,,,,,2025-07-08T08:06:22.000Z,2026-03-22T23:21:37.000Z
6709,"Street Fighter III 2nd Impact: Giant Attack",1997-10-18,,,,Bundled Game,,Not Started,,,,,,,0,,,,,,,,,,,,,,,,,,,,,,,,,,,,2025-07-08T08:06:22.000Z,2026-03-22T23:21:37.000Z
6710,"Street Fighter III: 3rd Strike",1999-05-12,,,,Bundled Game,,Beaten,,,,,,,108,,2025-07-13,day,,,,,,,,,,,,,,,,,,9,9,10,6,9,9,,2025-07-08T08:06:22.000Z,2026-03-22T23:21:37.000Z
6930,"Street Fighter",1987-08-30,,,,Bundled Game,,Not Started,,,,,,,0,,,,,,,,,,,,,,,,,,,,,,,,,,,,2025-07-08T08:06:22.000Z,2026-03-22T23:21:37.000Z
12860,"Super Street Fighter II: The New Challengers",1993-09-10,,,,Bundled Game,,Not Started,,,,,,,0,,,,,,,,,,,,,,,,,,,,,,,,,,,,2025-07-08T08:06:22.000Z,2026-03-22T23:21:37.000Z
20878,"Street Fighter II' Turbo: Hyper Fighting",1992-12-10,,,,Bundled Game,,Not Started,,,,,,,0,,,,,,,,,,,,,,,,,,,,,,,,,,,,2025-07-08T08:06:22.000Z,2026-03-22T23:21:37.000Z
39496,"Street Fighter II: Champion Edition",1992-03-18,,,,Bundled Game,,Not Started,,,,,,,0,,,,,,,,,,,,,,,,,,,,,,,,,,,,2025-07-08T08:06:22.000Z,2026-03-22T23:21:37.000Z
127165,"The Outlast Trials",2024-03-05,,,Windows PC,,Played,Continuous,Owned,Purchase,,Digital,Steam,,282,,,,"","",,"",,,,"",1654,2025-09-04,"Instant Gaming",,,,,,"",,,,,,,,2025-09-05T07:58:39.000Z,2026-05-21T08:47:09.000Z
314178,"Dragon Ball Gekishin Squadra",2025-09-09,,,Windows PC,,Played,Continuous,Owned,,,Digital,Steam,,287,,,,"","",,"",,,,"",,,,,,,,,"",5,5,5,,7,8,,2025-10-06T23:49:38.000Z,2025-11-06T20:01:16.000Z
317407,"Battlefield 6",2025-10-10,,,Windows PC,,Playing,Unfinished,Owned,Purchase,,Digital,Steam,,1581,,,,"","",,"",,,,"",5999,2025-10-11,"Steam Store",,,,,,"",,,,,,,,2025-10-12T13:57:09.000Z,2026-08-25T11:12:32.000Z
126460,"2XKO",2026-01-20,,,Windows PC,,Unplayed,Not Started,Owned,Free-to-play,,Digital,,,0,,,,"",,,,,,Europe (PAL),,,2025-09-09,"Riot Games",,,,,,"Invited to Closed Beta by Riot Games",,,,,,,,2025-10-17T10:34:30.000Z,2025-10-17T10:34:30.000Z
308698,"EA Sports FC 25",2024-09-27,,,PlayStation 4,,Played,Continuous,Owned,,,Digital,PSN,,,,,,,,,,,,,,,,,,,,,,,,,,,,,,2025-11-06T20:12:12.000Z,2025-11-06T20:12:12.000Z
325609,"Dispatch",2025-10-22,,,Windows PC,,Played,Beaten,Owned,Purchase,,Digital,Steam,,660,,2025-11-15,day,"","",,"",,,,"",2499,2025-11-12,"Steam Store",,,,,,"",9,7,8,10,10,10,Played on Steam Deck,2025-11-13T09:11:28.000Z,2025-11-16T00:42:47.000Z
14593,"Hollow Knight",2017-02-24,,,Windows PC,,Played,Beaten,Owned,Purchase,,Digital,Steam,,2128,,2026-03-22,day,"","",,"",,,,"",1099,2025-11-27,"Humble Store",,,,,90,"",9,9,9,6,9,10,Played on Steam Deck,2025-11-28T00:37:05.000Z,2026-04-17T23:57:31.000Z
140839,"Mass Effect Legendary Edition",2021-05-14,,,Windows PC,,Unplayed,Not Started,Owned,Purchase,,Digital,Steam,,0,,,,"","",,"",,,,"",499,2025-11-27,"Steam Store",,,,,,"",,,,,,,,2025-11-28T00:37:05.000Z,2025-11-28T00:39:19.000Z
243928,"Mass Effect",2021-05-14,,,,Bundled Game,,Not Started,,,,,,,0,,,,,,,,,,,,,,,,,,,,,,,,,,,,2025-11-28T00:37:05.000Z,2025-11-28T00:39:19.000Z
245113,"Mass Effect 2",2021-05-14,,,,Bundled Game,,Not Started,,,,,,,0,,,,,,,,,,,,,,,,,,,,,,,,,,,,2025-11-28T00:37:05.000Z,2025-11-28T00:39:19.000Z
245478,"Mass Effect 3",2021-05-14,,,,Bundled Game,,Not Started,,,,,,,0,,,,,,,,,,,,,,,,,,,,,,,,,,,,2025-11-28T00:37:05.000Z,2025-11-28T00:39:19.000Z
77823,"Making Lovers",2017-11-24,,,Windows PC,,Playing,Unfinished,Unlicensed,Free,,Digital,,,398,,,,"","","false","",No,,,"",,2025-12-04,,,,,,,"",,,,,,,,2025-12-05T23:43:37.000Z,2026-04-07T00:23:28.000Z
30359,"Just Ignore Them",2017-04-28,,,Windows PC,,Unplayed,Not Started,Owned,Free,,Digital,Steam,,0,,,,"","",,"",,,,"",,2025-12-12,"Steam Store",,,,,,"Free Promotional Package - Dec 2025",,,,,,,,2025-12-13T01:08:07.000Z,2026-08-19T09:53:19.000Z
6292,"Black Desert",2014-12-17,,,Windows PC,,Unplayed,Not Started,Owned,Free,,Digital,Steam,,0,,,,"","",,"",,,,"",,2025-12-12,"Steam Store",,,,,,"Free Promotional Package - Dec 2025",,,,,,,,2025-12-13T01:08:07.000Z,2026-08-19T09:53:37.000Z
136625,"Hogwarts Legacy",2023-02-10,,,Windows PC,,Unplayed,Not Started,Owned,Free,,Digital,Epic Games,,0,,,,"",,,,,,,,,2025-12-12,"Epic Games Store",,,,,,,,,,,,,,2025-12-13T21:03:56.000Z,2025-12-13T21:03:56.000Z
1062,"Alan Wake",2010-05-14,,,Windows PC,,Unplayed,Not Started,Owned,Purchase,,Digital,Steam,,0,,,,"","",,"",,,,"",105,2025-12-13,"Steam Store",,,,,,"Purchased as part of Alan Wake Origins Bundle.",,,,,,,,2025-12-14T01:06:14.000Z,2026-08-19T09:55:29.000Z
2602,"Alan Wake's American Nightmare",2012-02-22,,,Windows PC,,Unplayed,Not Started,Owned,Purchase,,Digital,Steam,,0,,,,"","",,"",,,,"",104,2025-12-13,"Steam Store",,,,,,"Purchased as part of Alan Wake Origins Bundle.",,,,,,,,2025-12-14T01:06:14.000Z,2026-08-19T09:56:13.000Z
8254,"Resident Evil",2014-11-27,,,Windows PC,,Played,Beaten,Owned,Purchase,,Digital,Steam,,1431,,2026-07-10,day,"","",,"",,,,"",399,2025-12-21,"Steam Store",,,,,,"",7,5,7,6,8,7,,2025-12-22T15:00:00.000Z,2026-07-12T21:23:35.000Z
12571,"Nioh",2017-02-07,68461,"Nioh: Complete Edition",Windows PC,,Unplayed,Not Started,Owned,Purchase,,Digital,Steam,,0,,,,"","",,"",,,,"",399,2025-12-21,"Steam Store",,,,,,"",,,,,,,,2025-12-22T15:00:00.000Z,2025-12-22T20:58:24.000Z
19686,"Resident Evil 2",2019-01-25,,,Windows PC,,Unplayed,Not Started,Owned,Purchase,,Digital,Steam,,0,,,,"","",,"",,,,"",874,2025-12-21,"Steam Store",,,,,,"",,,,,,,,2025-12-22T15:00:00.000Z,2025-12-22T20:59:30.000Z
2933,"Kingdom Hearts III",2019-01-25,,,Windows PC,,Unplayed,Not Started,Owned,Purchase,,Digital,Steam,,0,,,,"","",,"",,,,"",1416,2025-12-21,"Steam Store",,,,,,"Purchased as part of KINGDOM HEARTS INTEGRUM MASTERPIECE Bundle",,,,,,,,2025-12-22T15:00:00.000Z,2025-12-22T20:57:17.000Z
20734,"Devil May Cry HD Collection",2012-03-22,,,Windows PC,,Unplayed,Not Started,Owned,Purchase,,Digital,Steam,,0,,,,"","",,"",,,,"",824,2025-12-21,"Steam Store",,,,,,"",,,,,,,,2025-12-22T15:00:00.000Z,2025-12-22T20:59:59.000Z
222654,"Devil May Cry",2012-03-22,,,,Bundled Game,,Not Started,,,,,,,0,,,,,,,,,,,,,,,,,,,,,,,,,,,,2025-12-22T15:00:00.000Z,2025-12-22T20:59:59.000Z
222655,"Devil May Cry 2",2012-03-22,,,,Bundled Game,,Not Started,,,,,,,0,,,,,,,,,,,,,,,,,,,,,,,,,,,,2025-12-22T15:00:00.000Z,2025-12-22T20:59:59.000Z
222656,"Devil May Cry 3: Dante's Awakening - Special Edition",2012-03-22,,,,Bundled Game,,Not Started,,,,,,,0,,,,,,,,,,,,,,,,,,,,,,,,,,,,2025-12-22T15:00:00.000Z,2025-12-22T20:59:59.000Z
27979,"Kingdom Hearts HD 1.5 + 2.5 Remix",2017-03-09,,,Windows PC,,Unplayed,Not Started,Owned,Purchase,,Digital,Steam,,0,,,,"","",,"",,,,"",1416,2025-12-21,"Steam Store",,,,,,"Purchased as part of KINGDOM HEARTS INTEGRUM MASTERPIECE Bundle",,,,,,,,2025-12-22T15:00:00.000Z,2025-12-22T20:56:20.000Z
212758,"Kingdom Hearts Final Mix",2013-03-14,,,,Bundled Game,,Not Started,,,,,,,0,,,,,,,,,,,,,,,,,,,,,,,,,,,,2025-12-22T15:00:00.000Z,2025-12-22T20:56:20.000Z
214986,"Kingdom Hearts Re:Chain of Memories",2013-03-14,,,,Bundled Game,,Not Started,,,,,,,0,,,,,,,,,,,,,,,,,,,,,,,,,,,,2025-12-22T15:00:00.000Z,2025-12-22T20:56:20.000Z
221997,"Kingdom Hearts Birth by Sleep Final Mix",2014-10-02,,,,Bundled Game,,Not Started,,,,,,,0,,,,,,,,,,,,,,,,,,,,,,,,,,,,2025-12-22T15:00:00.000Z,2025-12-22T20:56:20.000Z
221998,"Kingdom Hearts II Final Mix",2014-10-02,,,,Bundled Game,,Not Started,,,,,,,0,,,,,,,,,,,,,,,,,,,,,,,,,,,,2025-12-22T15:00:00.000Z,2025-12-22T20:56:20.000Z
14159,"Kingdom Hearts HD 2.8 Final Chapter Prologue",2017-01-12,,,Windows PC,,Unplayed,Not Started,Owned,Purchase,,Digital,Steam,,0,,,,"","",,"",,,,"",1416,2025-12-21,"Steam Store",,,,,,"Purchased as part of KINGDOM HEARTS INTEGRUM MASTERPIECE Bundle",,,,,,,,2025-12-22T15:00:00.000Z,2025-12-22T20:56:59.000Z
26676,"Kingdom Hearts 0.2: Birth by Sleep - A Fragmentary Passage",2017-01-12,,,,Bundled Game,,Not Started,,,,,,,0,,,,,,,,,,,,,,,,,,,,,,,,,,,,2025-12-22T15:00:00.000Z,2025-12-22T20:56:59.000Z
117525,"Kingdom Hearts Dream Drop Distance HD",2017-01-12,,,,Bundled Game,,Not Started,,,,,,,0,,,,,,,,,,,,,,,,,,,,,,,,,,,,2025-12-22T15:00:00.000Z,2025-12-22T20:56:59.000Z
141540,"Disco Elysium: The Final Cut",2021-03-30,,,Windows PC,,Unplayed,Not Started,Owned,Free,,Digital,Epic Games,,0,,,,"",,,,,,,,,2025-12-25,"Epic Games Store",,,,,,,,,,,,,,2025-12-25T17:27:46.000Z,2025-12-25T17:27:46.000Z
80961,"Total War: Three Kingdoms",2019-05-23,,,Windows PC,,Unplayed,Not Started,Owned,Free,,Digital,Epic Games,,0,,,,"",,,,,,,,,2026-01-01,"Epic Games Store",,,,,,,,,,,,,,2026-01-01T16:44:09.000Z,2026-01-01T16:44:09.000Z
381250,"Highguard",2026-01-26,,,Windows PC,,Played,Continuous,Owned,Free-to-play,,Digital,Steam,,194,,,,"","",,"",,,,"",,2026-01-26,"Steam Store",,,,,,"",7,8,7,5,5,6,,2026-01-27T02:29:20.000Z,2026-08-19T09:59:02.000Z
194208,"JoJo’s Bizarre Adventure: All-Star Battle R",2022-09-01,254057,"JoJo's Bizarre Adventure: All-Star Battle R - Ultimate Edition",Windows PC,,Playing,Continuous,Owned,Purchase,,Digital,Steam,,1018,,,,"","",,"",,,,"",1399,2026-02-14,"Loaded",,,,,,"",8,9,7,,8,5,,2026-02-15T03:56:33.000Z,2026-07-06T01:35:03.000Z
223783,"JoJo's Bizarre Adventure: All-Star Battle R - Risotto Nero DLC",2022-10-27,,,,DLC / Expansion,,No Status,,,,,,,,,,,,,,,,,,,,,,,,,,,,,,,,,,,2026-02-15T03:58:50.000Z,2026-03-31T10:28:11.000Z
234633,"JoJo's Bizarre Adventure: All-Star Battle R - Rudol von Stroheim",2023-02-03,,,,DLC / Expansion,,No Status,,,,,,,,,,,,,,,,,,,,,,,,,,,,,,,,,,,2026-02-15T03:58:50.000Z,2026-03-31T10:28:11.000Z
242545,"JoJo's Bizarre Adventure: All-Star Battle R - Keicho Nijimura",2023-03-24,,,,DLC / Expansion,,No Status,,,,,,,,,,,,,,,,,,,,,,,,,,,,,,,,,,,2026-02-15T03:58:50.000Z,2026-03-31T10:28:11.000Z
254685,"JoJo's Bizarre Adventure: All-Star Battle R - Season Pass 2",2023-06-14,,,,DLC / Expansion,,No Status,,,,,,,,,,,,,,,,,,,,,,,,,,,,,,,,,,,2026-02-15T03:58:50.000Z,2026-03-31T10:28:11.000Z
253663,"JoJo's Bizarre Adventure: All-Star Battle R - Alternate World Diego",2023-06-16,,,,DLC / Expansion,,No Status,,,,,,,,,,,,,,,,,,,,,,,,,,,,,,,,,,,2026-02-15T03:58:50.000Z,2026-03-31T10:28:11.000Z
263539,"JoJo's Bizarre Adventure: All-Star Battle R - Leone Abbacchio",2023-09-01,,,,DLC / Expansion,,No Status,,,,,,,,,,,,,,,,,,,,,,,,,,,,,,,,,,,2026-02-15T03:58:50.000Z,2026-03-31T10:28:11.000Z
272972,"JoJo's Bizarre Adventure: All-Star Battle R - Yuya Fungami",2023-10-20,,,,DLC / Expansion,,No Status,,,,,,,,,,,,,,,,,,,,,,,,,,,,,,,,,,,2026-02-15T03:58:50.000Z,2026-03-31T10:28:11.000Z
284671,"JoJo's Bizarre Adventure: All-Star Battle R - Jolyne Cujoh Prisoner Uniform Costume",2022-10-07,,,,DLC / Expansion,,,,,,,,,0,,,,,,,,,,,,,,,,,,,,,,,,,,,,2026-02-15T03:58:50.000Z,2026-03-31T10:28:11.000Z
279860,"JoJo's Bizarre Adventure: All-Star Battle R - Wonder of U",2023-12-08,,,,DLC / Expansion,,,,,,,,,0,,,,,,,,,,,,,,,,,,,,,,,,,,,,2026-02-15T03:58:50.000Z,2026-03-31T10:28:11.000Z
207026,"Final Fantasy VII",2015-12-05,,,Windows PC,,Unplayed,Not Started,Owned,Free,,Digital,Steam,,0,,,,"","",,"",,,,"",,2026-02-24,"Steam Store",,,,,,"Due to owning Final Fantasy VII (2013), this 2026 re-release was automatically added to my account",,,,,,,,2026-02-26T15:08:31.000Z,2026-07-31T10:31:27.000Z
191408,"Nintendo Switch Sports",2022-04-29,,,Nintendo Switch,,Played,Continuous,Owned,Purchase,,Digital,Nintendo eShop,,511,,,,"","",,"",,,,"",3099,2026-03-05,"Nintendo eShop",,,,,,"",,,,,,,,2026-03-05T21:34:27.000Z,2026-08-01T23:53:21.000Z
288327,"Pokémon Legends: Z-A",2025-10-16,,,Nintendo Switch 2,,Unplayed,Not Started,Owned,Purchase,Used,Physical,,,0,,,,"",,,,,Complete in Box,,,3599,2026-03-07,"eBay",355,Good,N/A,Poor,,,,,,,,,,2026-03-07T12:35:19.000Z,2026-03-07T12:35:19.000Z
191930,"Pokémon Violet",2022-11-18,,,Nintendo Switch 2,,Unplayed,Not Started,Owned,Purchase,Used,Physical,,,,,,,"","",,"",,Complete in Box,,"",3099,2026-03-10,"eBay",,Mint,Mint,Mint,0,"",,,,,,,,2026-03-10T12:00:01.000Z,2026-07-24T03:18:21.000Z
15108,"Resident Evil 0",2016-01-19,,,Windows PC,,Played,Beaten,Owned,Purchase,,Digital,Steam,,1360,,2026-07-28,day,"","",,"",,,,"",399,2026-03-25,"Steam Store",,,,,,"",7,8,6,7,8,6,,2026-03-26T20:01:21.000Z,2026-07-28T23:16:20.000Z
115115,"Resident Evil 3",2020-04-03,,,Windows PC,,Unplayed,Not Started,Owned,Purchase,,Digital,Steam,,0,,,,"","",,"",,,,"",349,2026-03-25,"Steam Store",,,,,,"",,,,,,,,2026-03-26T20:01:21.000Z,2026-03-26T20:05:00.000Z
122108,"Resident Evil Resistance",2020-04-03,,,Windows PC,,Unplayed,Not Started,Owned,Free,,Digital,Steam,,0,,,,"","",,"",,,,"",,2026-03-25,"Steam Store",,,,,,"Came with Resident Evil 3",,,,,,,,2026-03-26T20:01:21.000Z,2026-03-26T20:06:34.000Z
119313,"Fall Guys",2020-08-04,,,Windows PC,,Played,Continuous,Owned,Free-to-play,,Digital,Epic Games,,198,,,,"","",,"",,,,"",,2026-04-11,"Epic Games Store",,,,,,"",7,8,6,,7,8,,2026-04-12T00:30:51.000Z,2026-08-19T10:28:09.000Z
337036,"Tomodachi Life: Living the Dream",2026-04-16,,,Nintendo Switch,,Playing,Unfinished,Owned,Purchase,,Digital,Nintendo eShop,,856,,,,"","",,"",,,,"",4999,2026-04-18,"Nintendo eShop",,,,,,"",,,,,,,,2026-04-18T16:50:23.000Z,2026-08-16T22:25:27.000Z
307768,"SM64CoOpDX",2024-07-01,,,Linux,,Played,Unfinished,Owned,Free,,Digital,,,180,,,,"",,,,,,,,,2026-04-26,,,,,,,,,,,,,,,2026-04-26T23:57:25.000Z,2026-04-26T23:58:03.000Z
142355,"S&box",2026-04-28,,,Windows PC,,Played,Continuous,Owned,Purchase,,Digital,Steam,,1323,,,,"","",,"",No,,,"",1675,2026-04-28,"Steam Store",,,,,0,"",,,,,,,,2026-04-29T22:08:40.000Z,2026-08-17T23:16:14.000Z
106534,"Gravity Circuit",2023-07-13,,,Windows PC,,Unplayed,Not Started,Owned,Free,,Digital,Steam,,0,,,,"","",,"",,,,"",,2026-06-03,"Steam Store",,,,,,"Free Promotional Package - Jun 2026",,,,,,,,2026-06-04T23:43:29.000Z,2026-08-19T09:57:19.000Z
559,"Call of Duty: Modern Warfare 2",2009-11-10,,,PlayStation 3,,Played,Continuous,Formerly Owned,,,Physical,,,0,,,,"","","false","",No,,,"",,2013-06-05,,,,,,,"",8,9,9,6,8,10,,2026-06-05T12:17:29.000Z,2026-06-05T12:24:19.000Z
1122,"Call of Duty: Black Ops II",2012-11-12,,,PlayStation 3,,Played,Continuous,Formerly Owned,,,Physical,,,0,,,,"","","false","",No,,,"",,2013-06-20,,,,,,,"",8,9,8,8,9,8,,2026-06-05T12:19:16.000Z,2026-06-05T12:24:39.000Z
353848,"EA Sports FC 26",2025-09-26,,,Windows PC,,Playing,Continuous,Owned,Purchase,,Digital,Steam,,264,,,,"","",,"",,,,"",1199,2026-07-06,"Steam Store",,,,,,"",,,,,,,,2026-07-08T19:37:31.000Z,2026-08-09T00:16:40.000Z
4964,"Kung Fu Panda",2008-06-03,,,PlayStation 3,,Played,Beaten,Formerly Owned,,,Physical,,,0,,2012-08-03,day,"","","false","",No,,Europe (PAL),,,,,,,,,,,,,,,,,,2026-08-03T08:14:40.000Z,2026-08-03T08:14:40.000Z
347132,"Marvel Tokon: Fighting Souls",2026-08-06,,,PlayStation 5,,Played,Continuous,Other,,,Digital,PSN,,,,,,"","","false","",No,,,"",,,,,,,,,"Only owned on Steam, however due to being linked to PSN, it shows that I have a PlayStation Copy",,,,,,,,2026-08-07T01:18:33.000Z,2026-09-06T02:25:09.000Z
347132,"Marvel Tokon: Fighting Souls",2026-08-06,,,Windows PC,,Playing,Unfinished,Owned,Purchase,,Digital,Steam,,1482,,,,"","",,"",,,,"",4299,2026-08-02,"Loaded",,,,,,"",,,,,,,,2026-08-07T01:18:33.000Z,2026-09-06T02:25:09.000Z
307223,"The Choicer Voicer",2024-06-29,,,Windows PC,,Unplayed,Not Started,Owned,Purchase,,Digital,Itch.io,,0,,,,"",,,,,,,,457,2026-08-19,"itch.io",,,,,,,,,,,,,,2026-08-19T14:59:39.000Z,2026-08-19T14:59:39.000Z
307765,"Bleach: Rebirth of Souls",2025-03-21,336780,"Bleach: Rebirth of Souls - Ultimate Edition",Windows PC,,Unplayed,Not Started,Owned,Purchase,,Digital,Steam,,0,,,,"","",,"",,,,"",2599,2026-09-04,"Loaded",,,,,,"",,,,,,,,2026-09-06T14:53:32.000Z,2026-09-06T14:54:13.000Z
333568,"Pokémon Champions",2026-04-08,,,Nintendo Switch 2,,Playing,Continuous,Owned,,,Digital,Nintendo eShop,,115,,,,"","",,"",,,,"",,,,,,,,,"",,,,,,,,2026-09-09T01:30:18.000Z,2026-09-16T10:55:48.000Z
104967,"Valheim",2026-09-09,,,Windows PC,,Playing,Unfinished,Owned,Purchase,,Digital,Steam,,826,,,,"","",,"",,,,"",1899,2026-09-22,"Loaded",,,,,,"",,,,,,,,2026-09-23T00:58:29.000Z,2026-10-05T17:14:11.000Z
